,date,water_level_m
0,2025/07/25 00:00,1.841
1,2025/07/25 01:00,1.947
2,2025/07/25 02:00,1.903
3,2025/07/25 03:00,1.744
4,2025/07/25 04:00,1.481
5,2025/07/25 05:00,1.245
6,2025/07/25 06:00,1.074
7,2025/07/25 07:00,1.001
8,2025/07/25 08:00,1.047
9,2025/07/25 09:00,1.18
10,2025/07/25 10:00,1.395
11,2025/07/25 11:00,1.611
12,2025/07/25 12:00,1.744
13,2025/07/25 13:00,1.814
14,2025/07/25 14:00,1.74
15,2025/07/25 15:00,1.537
16,2025/07/25 16:00,1.284
17,2025/07/25 17:00,0.966
18,2025/07/25 18:00,0.761
19,2025/07/25 19:00,0.655
20,2025/07/25 20:00,0.702
21,2025/07/25 21:00,0.907
22,2025/07/25 22:00,1.159
23,2025/07/25 23:00,1.461
24,2025/07/26 00:00,1.721
25,2025/07/26 01:00,1.968
26,2025/07/26 02:00,2.056
27,2025/07/26 03:00,1.968
28,2025/07/26 04:00,1.743
29,2025/07/26 05:00,1.478
30,2025/07/26 06:00,1.157
31,2025/07/26 07:00,1.012
32,2025/07/26 08:00,0.966
33,2025/07/26 09:00,1.051
34,2025/07/26 10:00,1.242
35,2025/07/26 11:00,1.492
36,2025/07/26 12:00,1.713
37,2025/07/26 13:00,1.881
38,2025/07/26 14:00,1.912
39,2025/07/26 15:00,1.763
40,2025/07/26 16:00,1.504
41,2025/07/26 17:00,1.227
42,2025/07/26 18:00,0.947
43,2025/07/26 19:00,0.728
44,2025/07/26 20:00,0.647
45,2025/07/26 21:00,0.723
46,2025/07/26 22:00,0.9
47,2025/07/26 23:00,1.165
48,2025/07/27 00:00,1.46
49,2025/07/27 01:00,1.713
50,2025/07/27 02:00,1.885
51,2025/07/27 03:00,1.911
52,2025/07/27 04:00,1.791
53,2025/07/27 05:00,1.531
54,2025/07/27 06:00,1.291
55,2025/07/27 07:00,1.034
56,2025/07/27 08:00,0.914
57,2025/07/27 09:00,0.955
58,2025/07/27 10:00,1.069
59,2025/07/27 11:00,1.251
60,2025/07/27 12:00,1.514
61,2025/07/27 13:00,1.727
62,2025/07/27 14:00,1.821
63,2025/07/27 15:00,1.841
64,2025/07/27 16:00,1.691
65,2025/07/27 17:00,1.439
66,2025/07/27 18:00,1.177
67,2025/07/27 19:00,0.918
68,2025/07/27 20:00,0.749
69,2025/07/27 21:00,0.749
70,2025/07/27 22:00,0.852
71,2025/07/27 23:00,1.033
72,2025/07/28 00:00,1.34
73,2025/07/28 01:00,1.568
74,2025/07/28 02:00,1.822
75,2025/07/28 03:00,1.902
76,2025/07/28 04:00,1.913
77,2025/07/28 05:00,1.721
78,2025/07/28 06:00,1.456
79,2025/07/28 07:00,1.183
80,2025/07/28 08:00,0.983
81,2025/07/28 09:00,0.911
82,2025/07/28 10:00,0.971
83,2025/07/28 11:00,1.153
84,2025/07/28 12:00,1.323
85,2025/07/28 13:00,1.593
86,2025/07/28 14:00,1.798
87,2025/07/28 15:00,1.865
88,2025/07/28 16:00,1.839
89,2025/07/28 17:00,1.647
90,2025/07/28 18:00,1.387
91,2025/07/28 19:00,1.111
92,2025/07/28 20:00,0.946
93,2025/07/28 21:00,0.835
94,2025/07/28 22:00,0.876
95,2025/07/28 23:00,0.968
96,2025/07/29 00:00,1.193
97,2025/07/29 01:00,1.429
98,2025/07/29 02:00,1.648
99,2025/07/29 03:00,1.773
100,2025/07/29 04:00,1.826
101,2025/07/29 05:00,1.755
102,2025/07/29 06:00,1.55
103,2025/07/29 07:00,1.288
104,2025/07/29 08:00,1.028
105,2025/07/29 09:00,0.905
106,2025/07/29 10:00,0.888
107,2025/07/29 11:00,1.001
108,2025/07/29 12:00,1.171
109,2025/07/29 13:00,1.358
110,2025/07/29 14:00,1.583
111,2025/07/29 15:00,1.734
112,2025/07/29 16:00,1.788
113,2025/07/29 17:00,1.722
114,2025/07/29 18:00,1.539
115,2025/07/29 19:00,1.327
116,2025/07/29 20:00,1.108
117,2025/07/29 21:00,0.937
118,2025/07/29 22:00,0.892
119,2025/07/29 23:00,0.936
120,2025/07/30 00:00,1.101
121,2025/07/30 01:00,1.304
122,2025/07/30 02:00,1.5
123,2025/07/30 03:00,1.682
124,2025/07/30 04:00,1.766
125,2025/07/30 05:00,1.781
126,2025/07/30 06:00,1.682
127,2025/07/30 07:00,1.435
128,2025/07/30 08:00,1.203
129,2025/07/30 09:00,1.011
130,2025/07/30 10:00,0.931
131,2025/07/30 11:00,0.952
132,2025/07/30 12:00,1.056
133,2025/07/30 13:00,1.263
134,2025/07/30 14:00,1.424
135,2025/07/30 15:00,1.593
136,2025/07/30 16:00,1.733
137,2025/07/30 17:00,1.732
138,2025/07/30 18:00,1.663
139,2025/07/30 19:00,1.511
140,2025/07/30 20:00,1.281
141,2025/07/30 21:00,1.109
142,2025/07/30 22:00,0.995
143,2025/07/30 23:00,1.029
144,2025/07/31 00:00,1.04
145,2025/07/31 01:00,1.193
146,2025/07/31 02:00,1.386
147,2025/07/31 03:00,1.501
148,2025/07/31 04:00,1.636
149,2025/07/31 05:00,1.701
150,2025/07/31 06:00,1.717
151,2025/07/31 07:00,1.569
152,2025/07/31 08:00,1.327
153,2025/07/31 09:00,1.146
154,2025/07/31 10:00,1.013
155,2025/07/31 11:00,1.0
156,2025/07/31 12:00,1.055
157,2025/07/31 13:00,1.133
158,2025/07/31 14:00,1.292
159,2025/07/31 15:00,1.454
160,2025/07/31 16:00,1.623
161,2025/07/31 17:00,1.686
162,2025/07/31 18:00,1.689
163,2025/07/31 19:00,1.586
164,2025/07/31 20:00,1.423
165,2025/07/31 21:00,1.267
166,2025/07/31 22:00,1.15
167,2025/07/31 23:00,1.017
168,2025/08/01 00:00,1.08
169,2025/08/01 01:00,1.137
170,2025/08/01 02:00,1.186
171,2025/08/01 03:00,1.321
172,2025/08/01 04:00,1.398
173,2025/08/01 05:00,1.532
174,2025/08/01 06:00,1.56
175,2025/08/01 07:00,1.464
176,2025/08/01 08:00,1.363
177,2025/08/01 09:00,1.175
178,2025/08/01 10:00,1.0
179,2025/08/01 11:00,0.862
180,2025/08/01 12:00,0.838
181,2025/08/01 13:00,0.935
182,2025/08/01 14:00,1.133
183,2025/08/01 15:00,1.234
184,2025/08/01 16:00,1.384
185,2025/08/01 17:00,1.523
186,2025/08/01 18:00,1.624
187,2025/08/01 19:00,1.59
188,2025/08/01 20:00,1.556
189,2025/08/01 21:00,1.373
190,2025/08/01 22:00,1.295
191,2025/08/01 23:00,1.195
192,2025/08/02 00:00,1.096
193,2025/08/02 01:00,1.102
194,2025/08/02 02:00,1.133
195,2025/08/02 03:00,1.287
196,2025/08/02 04:00,1.33
197,2025/08/02 05:00,1.458
198,2025/08/02 06:00,1.46
199,2025/08/02 07:00,1.514
200,2025/08/02 08:00,1.39
201,2025/08/02 09:00,1.293
202,2025/08/02 10:00,1.128
203,2025/08/02 11:00,0.969
204,2025/08/02 12:00,0.902
205,2025/08/02 13:00,0.899
206,2025/08/02 14:00,1.002
207,2025/08/02 15:00,1.115
208,2025/08/02 16:00,1.245
209,2025/08/02 17:00,1.323
210,2025/08/02 18:00,1.47
211,2025/08/02 19:00,1.518
212,2025/08/02 20:00,1.534
213,2025/08/02 21:00,1.505
214,2025/08/02 22:00,1.378
215,2025/08/02 23:00,1.231
216,2025/08/03 00:00,1.152
217,2025/08/03 01:00,1.12
218,2025/08/03 02:00,1.104
219,2025/08/03 03:00,1.188
220,2025/08/03 04:00,1.233
221,2025/08/03 05:00,1.305
222,2025/08/03 06:00,1.41
223,2025/08/03 07:00,1.442
224,2025/08/03 08:00,1.425
225,2025/08/03 09:00,1.357
226,2025/08/03 10:00,1.207
227,2025/08/03 11:00,1.096
228,2025/08/03 12:00,0.936
229,2025/08/03 13:00,0.892
230,2025/08/03 14:00,0.891
231,2025/08/03 15:00,0.942
232,2025/08/03 16:00,1.037
233,2025/08/03 17:00,1.163
234,2025/08/03 18:00,1.301
235,2025/08/03 19:00,1.463
236,2025/08/03 20:00,1.532
237,2025/08/03 21:00,1.562
238,2025/08/03 22:00,1.496
239,2025/08/03 23:00,1.399
240,2025/08/04 00:00,1.303
241,2025/08/04 01:00,1.21
242,2025/08/04 02:00,1.166
243,2025/08/04 03:00,1.15
244,2025/08/04 04:00,1.185
245,2025/08/04 05:00,1.24
246,2025/08/04 06:00,1.324
247,2025/08/04 07:00,1.432
248,2025/08/04 08:00,1.437
249,2025/08/04 09:00,1.434
250,2025/08/04 10:00,1.336
251,2025/08/04 11:00,1.276
252,2025/08/04 12:00,1.099
253,2025/08/04 13:00,1.002
254,2025/08/04 14:00,0.922
255,2025/08/04 15:00,0.938
256,2025/08/04 16:00,0.946
257,2025/08/04 17:00,1.048
258,2025/08/04 18:00,1.189
259,2025/08/04 19:00,1.362
260,2025/08/04 20:00,1.472
261,2025/08/04 21:00,1.608
262,2025/08/04 22:00,1.579
263,2025/08/04 23:00,1.528
264,2025/08/05 00:00,1.473
265,2025/08/05 01:00,1.339
266,2025/08/05 02:00,1.254
267,2025/08/05 03:00,1.187
268,2025/08/05 04:00,1.129
269,2025/08/05 05:00,1.15
270,2025/08/05 06:00,1.207
271,2025/08/05 07:00,1.312
272,2025/08/05 08:00,1.383
273,2025/08/05 09:00,1.423
274,2025/08/05 10:00,1.397
275,2025/08/05 11:00,1.337
276,2025/08/05 12:00,1.174
277,2025/08/05 13:00,1.062
278,2025/08/05 14:00,0.908
279,2025/08/05 15:00,0.855
280,2025/08/05 16:00,0.807
281,2025/08/05 17:00,0.823
282,2025/08/05 18:00,0.937
283,2025/08/05 19:00,1.118
284,2025/08/05 20:00,1.314
285,2025/08/05 21:00,1.484
286,2025/08/05 22:00,1.567
287,2025/08/05 23:00,1.581
288,2025/08/06 00:00,1.529
289,2025/08/06 01:00,1.403
290,2025/08/06 02:00,1.242
291,2025/08/06 03:00,1.186
292,2025/08/06 04:00,1.071
293,2025/08/06 05:00,1.056
294,2025/08/06 06:00,1.083
295,2025/08/06 07:00,1.153
296,2025/08/06 08:00,1.245
297,2025/08/06 09:00,1.362
298,2025/08/06 10:00,1.42
299,2025/08/06 11:00,1.379
300,2025/08/06 12:00,1.292
301,2025/08/06 13:00,1.139
302,2025/08/06 14:00,0.982
303,2025/08/06 15:00,0.806
304,2025/08/06 16:00,0.71
305,2025/08/06 17:00,0.688
306,2025/08/06 18:00,0.782
307,2025/08/06 19:00,0.901
308,2025/08/06 20:00,1.107
309,2025/08/06 21:00,1.323
310,2025/08/06 22:00,1.528
311,2025/08/06 23:00,1.627
312,2025/08/07 00:00,1.622
313,2025/08/07 01:00,1.526
314,2025/08/07 02:00,1.4
315,2025/08/07 03:00,1.213
316,2025/08/07 04:00,1.086
317,2025/08/07 05:00,1.0
318,2025/08/07 06:00,1.008
319,2025/08/07 07:00,1.061
320,2025/08/07 08:00,1.172
321,2025/08/07 09:00,1.31
322,2025/08/07 10:00,1.44
323,2025/08/07 11:00,1.462
324,2025/08/07 12:00,1.421
325,2025/08/07 13:00,1.334
326,2025/08/07 14:00,1.156
327,2025/08/07 15:00,0.878
328,2025/08/07 16:00,0.768
329,2025/08/07 17:00,0.607
330,2025/08/07 18:00,0.634
331,2025/08/07 19:00,0.721
332,2025/08/07 20:00,0.925
333,2025/08/07 21:00,1.147
334,2025/08/07 22:00,1.409
335,2025/08/07 23:00,1.598
336,2025/08/08 00:00,1.726
337,2025/08/08 01:00,1.719
338,2025/08/08 02:00,1.551
339,2025/08/08 03:00,1.371
340,2025/08/08 04:00,1.146
341,2025/08/08 05:00,0.991
342,2025/08/08 06:00,0.953
343,2025/08/08 07:00,0.968
344,2025/08/08 08:00,1.079
345,2025/08/08 09:00,1.26
346,2025/08/08 10:00,1.4
347,2025/08/08 11:00,1.538
348,2025/08/08 12:00,1.6
349,2025/08/08 13:00,1.482
350,2025/08/08 14:00,1.347
351,2025/08/08 15:00,1.122
352,2025/08/08 16:00,0.911
353,2025/08/08 17:00,0.699
354,2025/08/08 18:00,0.612
355,2025/08/08 19:00,0.621
356,2025/08/08 20:00,0.756
357,2025/08/08 21:00,1.035
358,2025/08/08 22:00,1.315
359,2025/08/08 23:00,1.579
360,2025/08/09 00:00,1.742
361,2025/08/09 01:00,1.801
362,2025/08/09 02:00,1.697
363,2025/08/09 03:00,1.524
364,2025/08/09 04:00,1.285
365,2025/08/09 05:00,1.058
366,2025/08/09 06:00,0.927
367,2025/08/09 07:00,0.864
368,2025/08/09 08:00,0.913
369,2025/08/09 09:00,1.05
370,2025/08/09 10:00,1.28
371,2025/08/09 11:00,1.492
372,2025/08/09 12:00,1.631
373,2025/08/09 13:00,1.644
374,2025/08/09 14:00,1.528
375,2025/08/09 15:00,1.305
376,2025/08/09 16:00,1.05
377,2025/08/09 17:00,0.754
378,2025/08/09 18:00,0.578
379,2025/08/09 19:00,0.522
380,2025/08/09 20:00,0.622
381,2025/08/09 21:00,0.816
382,2025/08/09 22:00,1.111
383,2025/08/09 23:00,1.436
384,2025/08/10 00:00,1.722
385,2025/08/10 01:00,1.821
386,2025/08/10 02:00,1.864
387,2025/08/10 03:00,1.699
388,2025/08/10 04:00,1.482
389,2025/08/10 05:00,1.182
390,2025/08/10 06:00,0.988
391,2025/08/10 07:00,0.866
392,2025/08/10 08:00,0.865
393,2025/08/10 09:00,0.985
394,2025/08/10 10:00,1.181
395,2025/08/10 11:00,1.436
396,2025/08/10 12:00,1.618
397,2025/08/10 13:00,1.738
398,2025/08/10 14:00,1.745
399,2025/08/10 15:00,1.607
400,2025/08/10 16:00,1.334
401,2025/08/10 17:00,1.018
402,2025/08/10 18:00,0.744
403,2025/08/10 19:00,0.603
404,2025/08/10 20:00,0.611
405,2025/08/10 21:00,0.73
406,2025/08/10 22:00,0.96
407,2025/08/10 23:00,1.282
408,2025/08/11 00:00,1.608
409,2025/08/11 01:00,1.826
410,2025/08/11 02:00,1.888
411,2025/08/11 03:00,1.842
412,2025/08/11 04:00,1.643
413,2025/08/11 05:00,1.381
414,2025/08/11 06:00,1.068
415,2025/08/11 07:00,0.899
416,2025/08/11 08:00,0.771
417,2025/08/11 09:00,0.845
418,2025/08/11 10:00,1.06
419,2025/08/11 11:00,1.271
420,2025/08/11 12:00,1.485
421,2025/08/11 13:00,1.715
422,2025/08/11 14:00,1.794
423,2025/08/11 15:00,1.748
424,2025/08/11 16:00,1.519
425,2025/08/11 17:00,1.246
426,2025/08/11 18:00,0.942
427,2025/08/11 19:00,0.69
428,2025/08/11 20:00,0.559
429,2025/08/11 21:00,0.583
430,2025/08/11 22:00,0.757
431,2025/08/11 23:00,1.033
432,2025/08/12 00:00,1.369
433,2025/08/12 01:00,1.637
434,2025/08/12 02:00,1.849
435,2025/08/12 03:00,1.886
436,2025/08/12 04:00,1.772
437,2025/08/12 05:00,1.524
438,2025/08/12 06:00,1.204
439,2025/08/12 07:00,0.939
440,2025/08/12 08:00,0.794
441,2025/08/12 09:00,0.778
442,2025/08/12 10:00,0.908
443,2025/08/12 11:00,1.125
444,2025/08/12 12:00,1.403
445,2025/08/12 13:00,1.659
446,2025/08/12 14:00,1.821
447,2025/08/12 15:00,1.871
448,2025/08/12 16:00,1.784
449,2025/08/12 17:00,1.54
450,2025/08/12 18:00,1.234
451,2025/08/12 19:00,0.956
452,2025/08/12 20:00,0.73
453,2025/08/12 21:00,0.651
454,2025/08/12 22:00,0.731
455,2025/08/12 23:00,0.912
456,2025/08/13 00:00,1.196
457,2025/08/13 01:00,1.474
458,2025/08/13 02:00,1.714
459,2025/08/13 03:00,1.846
460,2025/08/13 04:00,1.842
461,2025/08/13 05:00,1.672
462,2025/08/13 06:00,1.389
463,2025/08/13 07:00,1.067
464,2025/08/13 08:00,0.842
465,2025/08/13 09:00,0.76
466,2025/08/13 10:00,0.799
467,2025/08/13 11:00,0.95
468,2025/08/13 12:00,1.186
469,2025/08/13 13:00,1.474
470,2025/08/13 14:00,1.729
471,2025/08/13 15:00,1.871
472,2025/08/13 16:00,1.892
473,2025/08/13 17:00,1.767
474,2025/08/13 18:00,1.526
475,2025/08/13 19:00,1.245
476,2025/08/13 20:00,1.013
477,2025/08/13 21:00,0.81
478,2025/08/13 22:00,0.77
479,2025/08/13 23:00,0.881
480,2025/08/14 00:00,1.066
481,2025/08/14 01:00,1.338
482,2025/08/14 02:00,1.587
483,2025/08/14 03:00,1.78
484,2025/08/14 04:00,1.84
485,2025/08/14 05:00,1.792
486,2025/08/14 06:00,1.587
487,2025/08/14 07:00,1.298
488,2025/08/14 08:00,1.004
489,2025/08/14 09:00,0.848
490,2025/08/14 10:00,0.802
491,2025/08/14 11:00,0.876
492,2025/08/14 12:00,1.06
493,2025/08/14 13:00,1.296
494,2025/08/14 14:00,1.571
495,2025/08/14 15:00,1.763
496,2025/08/14 16:00,1.907
497,2025/08/14 17:00,1.916
498,2025/08/14 18:00,1.765
499,2025/08/14 19:00,1.522
500,2025/08/14 20:00,1.27
501,2025/08/14 21:00,1.037
502,2025/08/14 22:00,0.918
503,2025/08/14 23:00,0.927
504,2025/08/15 00:00,1.0
505,2025/08/15 01:00,1.182
506,2025/08/15 02:00,1.419
507,2025/08/15 03:00,1.637
508,2025/08/15 04:00,1.77
509,2025/08/15 05:00,1.803
510,2025/08/15 06:00,1.666
511,2025/08/15 07:00,1.456
512,2025/08/15 08:00,1.209
513,2025/08/15 09:00,1.004
514,2025/08/15 10:00,0.823
515,2025/08/15 11:00,0.789
516,2025/08/15 12:00,0.855
517,2025/08/15 13:00,1.047
518,2025/08/15 14:00,1.321
519,2025/08/15 15:00,1.535
520,2025/08/15 16:00,1.721
521,2025/08/15 17:00,1.789
522,2025/08/15 18:00,1.801
523,2025/08/15 19:00,1.664
524,2025/08/15 20:00,1.47
525,2025/08/15 21:00,1.24
526,2025/08/15 22:00,1.041
527,2025/08/15 23:00,0.942
528,2025/08/16 00:00,0.944
529,2025/08/16 01:00,1.005
530,2025/08/16 02:00,1.184
531,2025/08/16 03:00,1.363
532,2025/08/16 04:00,1.532
533,2025/08/16 05:00,1.63
534,2025/08/16 06:00,1.643
535,2025/08/16 07:00,1.505
536,2025/08/16 08:00,1.315
537,2025/08/16 09:00,1.1
538,2025/08/16 10:00,0.903
539,2025/08/16 11:00,0.792
540,2025/08/16 12:00,0.798
541,2025/08/16 13:00,0.911
542,2025/08/16 14:00,1.082
543,2025/08/16 15:00,1.309
544,2025/08/16 16:00,1.515
545,2025/08/16 17:00,1.695
546,2025/08/16 18:00,1.818
547,2025/08/16 19:00,1.834
548,2025/08/16 20:00,1.718
549,2025/08/16 21:00,1.53
550,2025/08/16 22:00,1.312
551,2025/08/16 23:00,1.167
552,2025/08/17 00:00,1.076
553,2025/08/17 01:00,1.052
554,2025/08/17 02:00,1.111
555,2025/08/17 03:00,1.254
556,2025/08/17 04:00,1.362
557,2025/08/17 05:00,1.542
558,2025/08/17 06:00,1.589
559,2025/08/17 07:00,1.586
560,2025/08/17 08:00,1.451
561,2025/08/17 09:00,1.288
562,2025/08/17 10:00,1.117
563,2025/08/17 11:00,0.937
564,2025/08/17 12:00,0.85
565,2025/08/17 13:00,0.848
566,2025/08/17 14:00,0.922
567,2025/08/17 15:00,1.096
568,2025/08/17 16:00,1.272
569,2025/08/17 17:00,1.454
570,2025/08/17 18:00,1.65
571,2025/08/17 19:00,1.809
572,2025/08/17 20:00,1.85
573,2025/08/17 21:00,1.809
574,2025/08/17 22:00,1.68
575,2025/08/17 23:00,1.499
576,2025/08/18 00:00,1.369
577,2025/08/18 01:00,1.301
578,2025/08/18 02:00,1.274
579,2025/08/18 03:00,1.26
580,2025/08/18 04:00,1.357
581,2025/08/18 05:00,1.451
582,2025/08/18 06:00,1.585
583,2025/08/18 07:00,1.683
584,2025/08/18 08:00,1.66
585,2025/08/18 09:00,1.568
586,2025/08/18 10:00,1.432
587,2025/08/18 11:00,1.272
588,2025/08/18 12:00,1.071
589,2025/08/18 13:00,0.969
590,2025/08/18 14:00,0.954
591,2025/08/18 15:00,0.965
592,2025/08/18 16:00,1.083
593,2025/08/18 17:00,1.224
594,2025/08/18 18:00,1.428
595,2025/08/18 19:00,1.638
596,2025/08/18 20:00,1.801
597,2025/08/18 21:00,1.834
598,2025/08/18 22:00,1.782
599,2025/08/18 23:00,1.663
600,2025/08/19 00:00,1.495
601,2025/08/19 01:00,1.311
602,2025/08/19 02:00,1.208
603,2025/08/19 03:00,1.119
604,2025/08/19 04:00,1.119
605,2025/08/19 05:00,1.195
606,2025/08/19 06:00,1.277
607,2025/08/19 07:00,1.369
608,2025/08/19 08:00,1.496
609,2025/08/19 09:00,1.526
610,2025/08/19 10:00,1.453
611,2025/08/19 11:00,1.317
612,2025/08/19 12:00,1.136
613,2025/08/19 13:00,0.941
614,2025/08/19 14:00,0.823
615,2025/08/19 15:00,0.745
616,2025/08/19 16:00,0.725
617,2025/08/19 17:00,0.804
618,2025/08/19 18:00,0.968
619,2025/08/19 19:00,1.197
620,2025/08/19 20:00,1.44
621,2025/08/19 21:00,1.634
622,2025/08/19 22:00,1.713
623,2025/08/19 23:00,1.673
624,2025/08/20 00:00,1.585
625,2025/08/20 01:00,1.434
626,2025/08/20 02:00,1.264
627,2025/08/20 03:00,1.171
628,2025/08/20 04:00,1.087
629,2025/08/20 05:00,1.074
630,2025/08/20 06:00,1.118
631,2025/08/20 07:00,1.272
632,2025/08/20 08:00,1.419
633,2025/08/20 09:00,1.58
634,2025/08/20 10:00,1.626
635,2025/08/20 11:00,1.538
636,2025/08/20 12:00,1.443
637,2025/08/20 13:00,1.232
638,2025/08/20 14:00,1.03
639,2025/08/20 15:00,0.849
640,2025/08/20 16:00,0.752
641,2025/08/20 17:00,0.714
642,2025/08/20 18:00,0.831
643,2025/08/20 19:00,0.966
644,2025/08/20 20:00,1.24
645,2025/08/20 21:00,1.521
646,2025/08/20 22:00,1.7
647,2025/08/20 23:00,1.791
648,2025/08/21 00:00,1.748
649,2025/08/21 01:00,1.597
650,2025/08/21 02:00,1.433
651,2025/08/21 03:00,1.229
652,2025/08/21 04:00,1.034
653,2025/08/21 05:00,0.975
654,2025/08/21 06:00,0.99
655,2025/08/21 07:00,1.099
656,2025/08/21 08:00,1.28
657,2025/08/21 09:00,1.433
658,2025/08/21 10:00,1.579
659,2025/08/21 11:00,1.629
660,2025/08/21 12:00,1.572
661,2025/08/21 13:00,1.414
662,2025/08/21 14:00,1.201
663,2025/08/21 15:00,0.955
664,2025/08/21 16:00,0.779
665,2025/08/21 17:00,0.658
666,2025/08/21 18:00,0.668
667,2025/08/21 19:00,0.768
668,2025/08/21 20:00,0.975
669,2025/08/21 21:00,1.248
670,2025/08/21 22:00,1.537
671,2025/08/21 23:00,1.744
672,2025/08/22 00:00,1.84
673,2025/08/22 01:00,1.783
674,2025/08/22 02:00,1.621
675,2025/08/22 03:00,1.368
676,2025/08/22 04:00,1.169
677,2025/08/22 05:00,1.019
678,2025/08/22 06:00,0.964
679,2025/08/22 07:00,0.988
680,2025/08/22 08:00,1.12
681,2025/08/22 09:00,1.299
682,2025/08/22 10:00,1.534
683,2025/08/22 11:00,1.68
684,2025/08/22 12:00,1.747
685,2025/08/22 13:00,1.686
686,2025/08/22 14:00,1.51
687,2025/08/22 15:00,1.246
688,2025/08/22 16:00,1.028
689,2025/08/22 17:00,0.801
690,2025/08/22 18:00,0.739
691,2025/08/22 19:00,0.68
692,2025/08/22 20:00,0.863
693,2025/08/22 21:00,1.12
694,2025/08/22 22:00,1.459
695,2025/08/22 23:00,1.734
696,2025/08/23 00:00,1.91
697,2025/08/23 01:00,1.964
698,2025/08/23 02:00,1.901
699,2025/08/23 03:00,1.711
700,2025/08/23 04:00,1.428
701,2025/08/23 05:00,1.169
702,2025/08/23 06:00,1.0
703,2025/08/23 07:00,0.948
704,2025/08/23 08:00,1.044
705,2025/08/23 09:00,1.223
706,2025/08/23 10:00,1.423
707,2025/08/23 11:00,1.652
708,2025/08/23 12:00,1.753
709,2025/08/23 13:00,1.88
710,2025/08/23 14:00,1.719
711,2025/08/23 15:00,1.436
712,2025/08/23 16:00,1.207
713,2025/08/23 17:00,0.939
714,2025/08/23 18:00,0.732
715,2025/08/23 19:00,0.632
716,2025/08/23 20:00,0.691
717,2025/08/23 21:00,0.918
718,2025/08/23 22:00,1.155
719,2025/08/23 23:00,1.425
720,2025/08/24 00:00,1.711
721,2025/08/24 01:00,1.858
722,2025/08/24 02:00,1.842
723,2025/08/24 03:00,1.763
724,2025/08/24 04:00,1.485
725,2025/08/24 05:00,1.186
726,2025/08/24 06:00,0.991
727,2025/08/24 07:00,0.824
728,2025/08/24 08:00,0.844
729,2025/08/24 09:00,0.959
730,2025/08/24 10:00,1.188
731,2025/08/24 11:00,1.448
732,2025/08/24 12:00,1.671
733,2025/08/24 13:00,1.754
734,2025/08/24 14:00,1.751
735,2025/08/24 15:00,1.63
736,2025/08/24 16:00,1.358
737,2025/08/24 17:00,1.072
738,2025/08/24 18:00,0.841
739,2025/08/24 19:00,0.642
740,2025/08/24 20:00,0.631
741,2025/08/24 21:00,0.755
742,2025/08/24 22:00,0.973
743,2025/08/24 23:00,1.261
744,2025/08/25 00:00,1.551
745,2025/08/25 01:00,1.743
746,2025/08/25 02:00,1.837
747,2025/08/25 03:00,1.765
748,2025/08/25 04:00,1.557
749,2025/08/25 05:00,1.295
750,2025/08/25 06:00,1.025
751,2025/08/25 07:00,0.825
752,2025/08/25 08:00,0.754
753,2025/08/25 09:00,0.832
754,2025/08/25 10:00,1.012
755,2025/08/25 11:00,1.271
756,2025/08/25 12:00,1.521
757,2025/08/25 13:00,1.713
758,2025/08/25 14:00,1.79
759,2025/08/25 15:00,1.739
760,2025/08/25 16:00,1.523
761,2025/08/25 17:00,1.285
762,2025/08/25 18:00,1.012
763,2025/08/25 19:00,0.737
764,2025/08/25 20:00,0.672
765,2025/08/25 21:00,0.681
766,2025/08/25 22:00,0.906
767,2025/08/25 23:00,1.126
768,2025/08/26 00:00,1.419
769,2025/08/26 01:00,1.625
770,2025/08/26 02:00,1.793
771,2025/08/26 03:00,1.865
772,2025/08/26 04:00,1.73
773,2025/08/26 05:00,1.514
774,2025/08/26 06:00,1.261
775,2025/08/26 07:00,1.041
776,2025/08/26 08:00,0.93
777,2025/08/26 09:00,1.023
778,2025/08/26 10:00,1.156
779,2025/08/26 11:00,1.391
780,2025/08/26 12:00,1.588
781,2025/08/26 13:00,1.867
782,2025/08/26 14:00,1.952
783,2025/08/26 15:00,1.951
784,2025/08/26 16:00,1.818
785,2025/08/26 17:00,1.576
786,2025/08/26 18:00,1.248
787,2025/08/26 19:00,1.059
788,2025/08/26 20:00,0.869
789,2025/08/26 21:00,0.82
790,2025/08/26 22:00,0.867
791,2025/08/26 23:00,1.041
792,2025/08/27 00:00,1.285
793,2025/08/27 01:00,1.569
794,2025/08/27 02:00,1.701
795,2025/08/27 03:00,1.779
796,2025/08/27 04:00,1.728
797,2025/08/27 05:00,1.574
798,2025/08/27 06:00,1.292
799,2025/08/27 07:00,1.094
800,2025/08/27 08:00,0.89
801,2025/08/27 09:00,0.787
802,2025/08/27 10:00,0.907
803,2025/08/27 11:00,1.089
804,2025/08/27 12:00,1.324
805,2025/08/27 13:00,1.569
806,2025/08/27 14:00,1.778
807,2025/08/27 15:00,1.92
808,2025/08/27 16:00,1.886
809,2025/08/27 17:00,1.706
810,2025/08/27 18:00,1.506
811,2025/08/27 19:00,1.291
812,2025/08/27 20:00,1.068
813,2025/08/27 21:00,0.966
814,2025/08/27 22:00,1.02
815,2025/08/27 23:00,1.109
816,2025/08/28 00:00,1.25
817,2025/08/28 01:00,1.415
818,2025/08/28 02:00,1.694
819,2025/08/28 03:00,1.739
820,2025/08/28 04:00,1.694
821,2025/08/28 05:00,1.678
822,2025/08/28 06:00,1.434
823,2025/08/28 07:00,1.228
824,2025/08/28 08:00,1.041
825,2025/08/28 09:00,0.911
826,2025/08/28 10:00,0.906
827,2025/08/28 11:00,0.997
828,2025/08/28 12:00,1.194
829,2025/08/28 13:00,1.435
830,2025/08/28 14:00,1.669
831,2025/08/28 15:00,1.77
832,2025/08/28 16:00,1.823
833,2025/08/28 17:00,1.763
834,2025/08/28 18:00,1.581
835,2025/08/28 19:00,1.397
836,2025/08/28 20:00,1.189
837,2025/08/28 21:00,1.051
838,2025/08/28 22:00,0.958
839,2025/08/28 23:00,0.998
840,2025/08/29 00:00,1.079
841,2025/08/29 01:00,1.272
842,2025/08/29 02:00,1.454
843,2025/08/29 03:00,1.549
844,2025/08/29 04:00,1.612
845,2025/08/29 05:00,1.555
846,2025/08/29 06:00,1.424
847,2025/08/29 07:00,1.204
848,2025/08/29 08:00,1.052
849,2025/08/29 09:00,0.861
850,2025/08/29 10:00,0.786
851,2025/08/29 11:00,0.827
852,2025/08/29 12:00,0.958
853,2025/08/29 13:00,1.145
854,2025/08/29 14:00,1.343
855,2025/08/29 15:00,1.518
856,2025/08/29 16:00,1.638
857,2025/08/29 17:00,1.672
858,2025/08/29 18:00,1.628
859,2025/08/29 19:00,1.506
860,2025/08/29 20:00,1.3
861,2025/08/29 21:00,1.161
862,2025/08/29 22:00,1.081
863,2025/08/29 23:00,1.089
864,2025/08/30 00:00,1.153
865,2025/08/30 01:00,1.267
866,2025/08/30 02:00,1.409
867,2025/08/30 03:00,1.503
868,2025/08/30 04:00,1.549
869,2025/08/30 05:00,1.606
870,2025/08/30 06:00,1.545
871,2025/08/30 07:00,1.402
872,2025/08/30 08:00,1.246
873,2025/08/30 09:00,1.111
874,2025/08/30 10:00,1.027
875,2025/08/30 11:00,1.043
876,2025/08/30 12:00,1.039
877,2025/08/30 13:00,1.25
878,2025/08/30 14:00,1.38
879,2025/08/30 15:00,1.579
880,2025/08/30 16:00,1.668
881,2025/08/30 17:00,1.728
882,2025/08/30 18:00,1.686
883,2025/08/30 19:00,1.625
884,2025/08/30 20:00,1.497
885,2025/08/30 21:00,1.306
886,2025/08/30 22:00,1.224
887,2025/08/30 23:00,1.073
888,2025/08/31 00:00,1.118
889,2025/08/31 01:00,1.112
890,2025/08/31 02:00,1.235
891,2025/08/31 03:00,1.335
892,2025/08/31 04:00,1.416
893,2025/08/31 05:00,1.456
894,2025/08/31 06:00,1.444
895,2025/08/31 07:00,1.42
896,2025/08/31 08:00,1.297
897,2025/08/31 09:00,1.182
898,2025/08/31 10:00,1.07
899,2025/08/31 11:00,1.001
900,2025/08/31 12:00,1.01
901,2025/08/31 13:00,1.095
902,2025/08/31 14:00,1.223
903,2025/08/31 15:00,1.406
904,2025/08/31 16:00,1.536
905,2025/08/31 17:00,1.633
906,2025/08/31 18:00,1.706
907,2025/08/31 19:00,1.717
908,2025/08/31 20:00,1.669
909,2025/08/31 21:00,1.56
910,2025/08/31 22:00,1.45
911,2025/08/31 23:00,1.323
912,2025/09/01 00:00,1.218
913,2025/09/01 01:00,1.209
914,2025/09/01 02:00,1.262
915,2025/09/01 03:00,1.249
916,2025/09/01 04:00,1.339
917,2025/09/01 05:00,1.373
918,2025/09/01 06:00,1.411
919,2025/09/01 07:00,1.398
920,2025/09/01 08:00,1.32
921,2025/09/01 09:00,1.241
922,2025/09/01 10:00,1.132
923,2025/09/01 11:00,1.027
924,2025/09/01 12:00,0.974
925,2025/09/01 13:00,0.958
926,2025/09/01 14:00,1.015
927,2025/09/01 15:00,1.092
928,2025/09/01 16:00,1.254
929,2025/09/01 17:00,1.366
930,2025/09/01 18:00,1.51
931,2025/09/01 19:00,1.58
932,2025/09/01 20:00,1.596
933,2025/09/01 21:00,1.567
934,2025/09/01 22:00,1.464
935,2025/09/01 23:00,1.413
936,2025/09/02 00:00,1.307
937,2025/09/02 01:00,1.253
938,2025/09/02 02:00,1.236
939,2025/09/02 03:00,1.212
940,2025/09/02 04:00,1.259
941,2025/09/02 05:00,1.282
942,2025/09/02 06:00,1.359
943,2025/09/02 07:00,1.372
944,2025/09/02 08:00,1.394
945,2025/09/02 09:00,1.305
946,2025/09/02 10:00,1.228
947,2025/09/02 11:00,1.107
948,2025/09/02 12:00,0.978
949,2025/09/02 13:00,0.907
950,2025/09/02 14:00,0.885
951,2025/09/02 15:00,0.913
952,2025/09/02 16:00,1.02
953,2025/09/02 17:00,1.122
954,2025/09/02 18:00,1.256
955,2025/09/02 19:00,1.407
956,2025/09/02 20:00,1.579
957,2025/09/02 21:00,1.615
958,2025/09/02 22:00,1.598
959,2025/09/02 23:00,1.509
960,2025/09/03 00:00,1.439
961,2025/09/03 01:00,1.395
962,2025/09/03 02:00,1.346
963,2025/09/03 03:00,1.323
964,2025/09/03 04:00,1.298
965,2025/09/03 05:00,1.328
966,2025/09/03 06:00,1.377
967,2025/09/03 07:00,1.448
968,2025/09/03 08:00,1.504
969,2025/09/03 09:00,1.528
970,2025/09/03 10:00,1.445
971,2025/09/03 11:00,1.361
972,2025/09/03 12:00,1.22
973,2025/09/03 13:00,1.084
974,2025/09/03 14:00,0.985
975,2025/09/03 15:00,0.927
976,2025/09/03 16:00,0.964
977,2025/09/03 17:00,1.062
978,2025/09/03 18:00,1.186
979,2025/09/03 19:00,1.378
980,2025/09/03 20:00,1.519
981,2025/09/03 21:00,1.645
982,2025/09/03 22:00,1.725
983,2025/09/03 23:00,1.687
984,2025/09/04 00:00,1.609
985,2025/09/04 01:00,1.524
986,2025/09/04 02:00,1.398
987,2025/09/04 03:00,1.311
988,2025/09/04 04:00,1.233
989,2025/09/04 05:00,1.23
990,2025/09/04 06:00,1.278
991,2025/09/04 07:00,1.384
992,2025/09/04 08:00,1.476
993,2025/09/04 09:00,1.556
994,2025/09/04 10:00,1.624
995,2025/09/04 11:00,1.534
996,2025/09/04 12:00,1.419
997,2025/09/04 13:00,1.29
998,2025/09/04 14:00,1.105
999,2025/09/04 15:00,0.967
1000,2025/09/04 16:00,0.883
1001,2025/09/04 17:00,0.903
1002,2025/09/04 18:00,1.003
1003,2025/09/04 19:00,1.152
1004,2025/09/04 20:00,1.362
1005,2025/09/04 21:00,1.581
1006,2025/09/04 22:00,1.718
1007,2025/09/04 23:00,1.762
1008,2025/09/05 00:00,1.713
1009,2025/09/05 01:00,1.566
1010,2025/09/05 02:00,1.447
1011,2025/09/05 03:00,1.289
1012,2025/09/05 04:00,1.104
1013,2025/09/05 05:00,1.063
1014,2025/09/05 06:00,1.08
1015,2025/09/05 07:00,1.209
1016,2025/09/05 08:00,1.355
1017,2025/09/05 09:00,1.481
1018,2025/09/05 10:00,1.569
1019,2025/09/05 11:00,1.593
1020,2025/09/05 12:00,1.525
1021,2025/09/05 13:00,1.393
1022,2025/09/05 14:00,1.184
1023,2025/09/05 15:00,0.97
1024,2025/09/05 16:00,0.834
1025,2025/09/05 17:00,0.771
1026,2025/09/05 18:00,0.797
1027,2025/09/05 19:00,0.907
1028,2025/09/05 20:00,1.179
1029,2025/09/05 21:00,1.436
1030,2025/09/05 22:00,1.656
1031,2025/09/05 23:00,1.776
1032,2025/09/06 00:00,1.805
1033,2025/09/06 01:00,1.729
1034,2025/09/06 02:00,1.552
1035,2025/09/06 03:00,1.314
1036,2025/09/06 04:00,1.123
1037,2025/09/06 05:00,1.028
1038,2025/09/06 06:00,0.964
1039,2025/09/06 07:00,1.018
1040,2025/09/06 08:00,1.19
1041,2025/09/06 09:00,1.383
1042,2025/09/06 10:00,1.584
1043,2025/09/06 11:00,1.708
1044,2025/09/06 12:00,1.696
1045,2025/09/06 13:00,1.599
1046,2025/09/06 14:00,1.4
1047,2025/09/06 15:00,1.151
1048,2025/09/06 16:00,0.904
1049,2025/09/06 17:00,0.711
1050,2025/09/06 18:00,0.646
1051,2025/09/06 19:00,0.706
1052,2025/09/06 20:00,0.909
1053,2025/09/06 21:00,1.209
1054,2025/09/06 22:00,1.486
1055,2025/09/06 23:00,1.732
1056,2025/09/07 00:00,1.833
1057,2025/09/07 01:00,1.821
1058,2025/09/07 02:00,1.671
1059,2025/09/07 03:00,1.481
1060,2025/09/07 04:00,1.182
1061,2025/09/07 05:00,0.958
1062,2025/09/07 06:00,0.885
1063,2025/09/07 07:00,0.923
1064,2025/09/07 08:00,1.042
1065,2025/09/07 09:00,1.286
1066,2025/09/07 10:00,1.509
1067,2025/09/07 11:00,1.713
1068,2025/09/07 12:00,1.841
1069,2025/09/07 13:00,1.838
1070,2025/09/07 14:00,1.696
1071,2025/09/07 15:00,1.449
1072,2025/09/07 16:00,1.089
1073,2025/09/07 17:00,0.835
1074,2025/09/07 18:00,0.691
1075,2025/09/07 19:00,0.648
1076,2025/09/07 20:00,0.776
1077,2025/09/07 21:00,0.997
1078,2025/09/07 22:00,1.338
1079,2025/09/07 23:00,1.709
1080,2025/09/08 00:00,1.849
1081,2025/09/08 01:00,1.978
1082,2025/09/08 02:00,1.92
1083,2025/09/08 03:00,1.671
1084,2025/09/08 04:00,1.359
1085,2025/09/08 05:00,1.099
1086,2025/09/08 06:00,0.84
1087,2025/09/08 07:00,0.87
1088,2025/09/08 08:00,0.964
1089,2025/09/08 09:00,1.124
1090,2025/09/08 10:00,1.325
1091,2025/09/08 11:00,1.582
1092,2025/09/08 12:00,1.788
1093,2025/09/08 13:00,1.897
1094,2025/09/08 14:00,1.886
1095,2025/09/08 15:00,1.603
1096,2025/09/08 16:00,1.266
1097,2025/09/08 17:00,0.958
1098,2025/09/08 18:00,0.694
1099,2025/09/08 19:00,0.469
1100,2025/09/08 20:00,0.535
1101,2025/09/08 21:00,0.7
1102,2025/09/08 22:00,1.041
1103,2025/09/08 23:00,1.313
1104,2025/09/09 00:00,1.599
1105,2025/09/09 01:00,1.758
1106,2025/09/09 02:00,1.785
1107,2025/09/09 03:00,1.608
1108,2025/09/09 04:00,1.222
1109,2025/09/09 05:00,1.042
1110,2025/09/09 06:00,0.785
1111,2025/09/09 07:00,0.643
1112,2025/09/09 08:00,0.595
1113,2025/09/09 09:00,0.78
1114,2025/09/09 10:00,0.993
1115,2025/09/09 11:00,1.352
1116,2025/09/09 12:00,1.591
1117,2025/09/09 13:00,1.813
1118,2025/09/09 14:00,1.862
1119,2025/09/09 15:00,1.728
1120,2025/09/09 16:00,1.501
1121,2025/09/09 17:00,1.198
1122,2025/09/09 18:00,0.862
1123,2025/09/09 19:00,0.611
1124,2025/09/09 20:00,0.503
1125,2025/09/09 21:00,0.62
1126,2025/09/09 22:00,0.823
1127,2025/09/09 23:00,1.109
1128,2025/09/10 00:00,1.395
1129,2025/09/10 01:00,1.677
1130,2025/09/10 02:00,1.761
1131,2025/09/10 03:00,1.717
1132,2025/09/10 04:00,1.44
1133,2025/09/10 05:00,1.197
1134,2025/09/10 06:00,0.9
1135,2025/09/10 07:00,0.644
1136,2025/09/10 08:00,0.502
1137,2025/09/10 09:00,0.53
1138,2025/09/10 10:00,0.755
1139,2025/09/10 11:00,1.089
1140,2025/09/10 12:00,1.365
1141,2025/09/10 13:00,1.67
1142,2025/09/10 14:00,1.827
1143,2025/09/10 15:00,1.864
1144,2025/09/10 16:00,1.691
1145,2025/09/10 17:00,1.368
1146,2025/09/10 18:00,1.081
1147,2025/09/10 19:00,0.804
1148,2025/09/10 20:00,0.652
1149,2025/09/10 21:00,0.64
1150,2025/09/10 22:00,0.7
1151,2025/09/10 23:00,0.948
1152,2025/09/11 00:00,1.243
1153,2025/09/11 01:00,1.569
1154,2025/09/11 02:00,1.754
1155,2025/09/11 03:00,1.846
1156,2025/09/11 04:00,1.688
1157,2025/09/11 05:00,1.447
1158,2025/09/11 06:00,1.18
1159,2025/09/11 07:00,0.868
1160,2025/09/11 08:00,0.682
1161,2025/09/11 09:00,0.665
1162,2025/09/11 10:00,0.764
1163,2025/09/11 11:00,0.999
1164,2025/09/11 12:00,1.356
1165,2025/09/11 13:00,1.649
1166,2025/09/11 14:00,1.896
1167,2025/09/11 15:00,2.083
1168,2025/09/11 16:00,2.093
1169,2025/09/11 17:00,1.905
1170,2025/09/11 18:00,1.587
1171,2025/09/11 19:00,1.307
1172,2025/09/11 20:00,1.07
1173,2025/09/11 21:00,0.943
1174,2025/09/11 22:00,0.908
1175,2025/09/11 23:00,1.002
1176,2025/09/12 00:00,1.253
1177,2025/09/12 01:00,1.497
1178,2025/09/12 02:00,1.746
1179,2025/09/12 03:00,1.827
1180,2025/09/12 04:00,1.835
1181,2025/09/12 05:00,1.642
1182,2025/09/12 06:00,1.388
1183,2025/09/12 07:00,1.12
1184,2025/09/12 08:00,0.835
1185,2025/09/12 09:00,0.723
1186,2025/09/12 10:00,0.698
1187,2025/09/12 11:00,0.849
1188,2025/09/12 12:00,1.052
1189,2025/09/12 13:00,1.313
1190,2025/09/12 14:00,1.653
1191,2025/09/12 15:00,1.826
1192,2025/09/12 16:00,1.907
1193,2025/09/12 17:00,1.872
1194,2025/09/12 18:00,1.699
1195,2025/09/12 19:00,1.429
1196,2025/09/12 20:00,1.169
1197,2025/09/12 21:00,0.971
1198,2025/09/12 22:00,0.886
1199,2025/09/12 23:00,0.902
1200,2025/09/13 00:00,1.019
1201,2025/09/13 01:00,1.217
1202,2025/09/13 02:00,1.417
1203,2025/09/13 03:00,1.63
1204,2025/09/13 04:00,1.692
1205,2025/09/13 05:00,1.685
1206,2025/09/13 06:00,1.51
1207,2025/09/13 07:00,1.326
1208,2025/09/13 08:00,1.083
1209,2025/09/13 09:00,0.854
1210,2025/09/13 10:00,0.765
1211,2025/09/13 11:00,0.78
1212,2025/09/13 12:00,0.925
1213,2025/09/13 13:00,1.117
1214,2025/09/13 14:00,1.395
1215,2025/09/13 15:00,1.616
1216,2025/09/13 16:00,1.805
1217,2025/09/13 17:00,1.883
1218,2025/09/13 18:00,1.842
1219,2025/09/13 19:00,1.687
1220,2025/09/13 20:00,1.449
1221,2025/09/13 21:00,1.235
1222,2025/09/13 22:00,1.082
1223,2025/09/13 23:00,1.006
1224,2025/09/14 00:00,1.02
1225,2025/09/14 01:00,1.126
1226,2025/09/14 02:00,1.275
1227,2025/09/14 03:00,1.423
1228,2025/09/14 04:00,1.555
1229,2025/09/14 05:00,1.616
1230,2025/09/14 06:00,1.597
1231,2025/09/14 07:00,1.46
1232,2025/09/14 08:00,1.234
1233,2025/09/14 09:00,1.062
1234,2025/09/14 10:00,0.885
1235,2025/09/14 11:00,0.833
1236,2025/09/14 12:00,0.876
1237,2025/09/14 13:00,0.994
1238,2025/09/14 14:00,1.169
1239,2025/09/14 15:00,1.386
1240,2025/09/14 16:00,1.593
1241,2025/09/14 17:00,1.752
1242,2025/09/14 18:00,1.865
1243,2025/09/14 19:00,1.87
1244,2025/09/14 20:00,1.733
1245,2025/09/14 21:00,1.597
1246,2025/09/14 22:00,1.377
1247,2025/09/14 23:00,1.263
1248,2025/09/15 00:00,1.191
1249,2025/09/15 01:00,1.218
1250,2025/09/15 02:00,1.316
1251,2025/09/15 03:00,1.43
1252,2025/09/15 04:00,1.529
1253,2025/09/15 05:00,1.59
1254,2025/09/15 06:00,1.626
1255,2025/09/15 07:00,1.622
1256,2025/09/15 08:00,1.483
1257,2025/09/15 09:00,1.316
1258,2025/09/15 10:00,1.157
1259,2025/09/15 11:00,1.003
1260,2025/09/15 12:00,0.936
1261,2025/09/15 13:00,0.923
1262,2025/09/15 14:00,0.994
1263,2025/09/15 15:00,1.117
1264,2025/09/15 16:00,1.289
1265,2025/09/15 17:00,1.463
1266,2025/09/15 18:00,1.64
1267,2025/09/15 19:00,1.757
1268,2025/09/15 20:00,1.739
1269,2025/09/15 21:00,1.639
1270,2025/09/15 22:00,1.526
1271,2025/09/15 23:00,1.355
1272,2025/09/16 00:00,1.279
1273,2025/09/16 01:00,1.231
1274,2025/09/16 02:00,1.176
1275,2025/09/16 03:00,1.231
1276,2025/09/16 04:00,1.277
1277,2025/09/16 05:00,1.343
1278,2025/09/16 06:00,1.47
1279,2025/09/16 07:00,1.558
1280,2025/09/16 08:00,1.551
1281,2025/09/16 09:00,1.448
1282,2025/09/16 10:00,1.316
1283,2025/09/16 11:00,1.147
1284,2025/09/16 12:00,0.992
1285,2025/09/16 13:00,0.915
1286,2025/09/16 14:00,0.881
1287,2025/09/16 15:00,0.896
1288,2025/09/16 16:00,1.011
1289,2025/09/16 17:00,1.17
1290,2025/09/16 18:00,1.365
1291,2025/09/16 19:00,1.557
1292,2025/09/16 20:00,1.674
1293,2025/09/16 21:00,1.7
1294,2025/09/16 22:00,1.659
1295,2025/09/16 23:00,1.582
1296,2025/09/17 00:00,1.414
1297,2025/09/17 01:00,1.265
1298,2025/09/17 02:00,1.183
1299,2025/09/17 03:00,1.159
1300,2025/09/17 04:00,1.109
1301,2025/09/17 05:00,1.204
1302,2025/09/17 06:00,1.304
1303,2025/09/17 07:00,1.446
1304,2025/09/17 08:00,1.549
1305,2025/09/17 09:00,1.549
1306,2025/09/17 10:00,1.484
1307,2025/09/17 11:00,1.358
1308,2025/09/17 12:00,1.175
1309,2025/09/17 13:00,1.028
1310,2025/09/17 14:00,0.925
1311,2025/09/17 15:00,0.861
1312,2025/09/17 16:00,0.864
1313,2025/09/17 17:00,0.912
1314,2025/09/17 18:00,1.079
1315,2025/09/17 19:00,1.292
1316,2025/09/17 20:00,1.512
1317,2025/09/17 21:00,1.663
1318,2025/09/17 22:00,1.766
1319,2025/09/17 23:00,1.673
1320,2025/09/18 00:00,1.566
1321,2025/09/18 01:00,1.421
1322,2025/09/18 02:00,1.311
1323,2025/09/18 03:00,1.201
1324,2025/09/18 04:00,1.102
1325,2025/09/18 05:00,1.137
1326,2025/09/18 06:00,1.206
1327,2025/09/18 07:00,1.371
1328,2025/09/18 08:00,1.496
1329,2025/09/18 09:00,1.633
1330,2025/09/18 10:00,1.691
1331,2025/09/18 11:00,1.62
1332,2025/09/18 12:00,1.449
1333,2025/09/18 13:00,1.322
1334,2025/09/18 14:00,1.105
1335,2025/09/18 15:00,0.936
1336,2025/09/18 16:00,0.851
1337,2025/09/18 17:00,0.847
1338,2025/09/18 18:00,0.942
1339,2025/09/18 19:00,1.094
1340,2025/09/18 20:00,1.376
1341,2025/09/18 21:00,1.606
1342,2025/09/18 22:00,1.764
1343,2025/09/18 23:00,1.856
1344,2025/09/19 00:00,1.798
1345,2025/09/19 01:00,1.668
1346,2025/09/19 02:00,1.459
1347,2025/09/19 03:00,1.275
1348,2025/09/19 04:00,1.17
1349,2025/09/19 05:00,1.127
1350,2025/09/19 06:00,1.172
1351,2025/09/19 07:00,1.294
1352,2025/09/19 08:00,1.513
1353,2025/09/19 09:00,1.704
1354,2025/09/19 10:00,1.866
1355,2025/09/19 11:00,1.928
1356,2025/09/19 12:00,1.832
1357,2025/09/19 13:00,1.69
1358,2025/09/19 14:00,1.5
1359,2025/09/19 15:00,1.293
1360,2025/09/19 16:00,1.096
1361,2025/09/19 17:00,1.007
1362,2025/09/19 18:00,1.006
1363,2025/09/19 19:00,1.104
1364,2025/09/19 20:00,1.3
1365,2025/09/19 21:00,1.507
1366,2025/09/19 22:00,1.764
1367,2025/09/19 23:00,1.917
1368,2025/09/20 00:00,1.933
1369,2025/09/20 01:00,1.816
1370,2025/09/20 02:00,1.628
1371,2025/09/20 03:00,1.383
1372,2025/09/20 04:00,1.151
1373,2025/09/20 05:00,0.991
1374,2025/09/20 06:00,0.972
1375,2025/09/20 07:00,1.006
1376,2025/09/20 08:00,1.187
1377,2025/09/20 09:00,1.406
1378,2025/09/20 10:00,1.615
1379,2025/09/20 11:00,1.765
1380,2025/09/20 12:00,1.776
1381,2025/09/20 13:00,1.706
1382,2025/09/20 14:00,1.521
1383,2025/09/20 15:00,1.28
1384,2025/09/20 16:00,1.034
1385,2025/09/20 17:00,0.847
1386,2025/09/20 18:00,0.747
1387,2025/09/20 19:00,0.81
1388,2025/09/20 20:00,1.022
1389,2025/09/20 21:00,1.256
1390,2025/09/20 22:00,1.494
1391,2025/09/20 23:00,1.691
1392,2025/09/21 00:00,1.799
1393,2025/09/21 01:00,1.806
1394,2025/09/21 02:00,1.636
1395,2025/09/21 03:00,1.338
1396,2025/09/21 04:00,1.036
1397,2025/09/21 05:00,0.847
1398,2025/09/21 06:00,0.736
1399,2025/09/21 07:00,0.771
1400,2025/09/21 08:00,0.93
1401,2025/09/21 09:00,1.126
1402,2025/09/21 10:00,1.326
1403,2025/09/21 11:00,1.558
1404,2025/09/21 12:00,1.703
1405,2025/09/21 13:00,1.723
1406,2025/09/21 14:00,1.594
1407,2025/09/21 15:00,1.342
1408,2025/09/21 16:00,1.064
1409,2025/09/21 17:00,0.839
1410,2025/09/21 18:00,0.704
1411,2025/09/21 19:00,0.666
1412,2025/09/21 20:00,0.794
1413,2025/09/21 21:00,0.95
1414,2025/09/21 22:00,1.211
1415,2025/09/21 23:00,1.474
1416,2025/09/22 00:00,1.674
1417,2025/09/22 01:00,1.748
1418,2025/09/22 02:00,1.697
1419,2025/09/22 03:00,1.462
1420,2025/09/22 04:00,1.194
1421,2025/09/22 05:00,0.954
1422,2025/09/22 06:00,0.733
1423,2025/09/22 07:00,0.683
1424,2025/09/22 08:00,0.79
1425,2025/09/22 09:00,0.97
1426,2025/09/22 10:00,1.248
1427,2025/09/22 11:00,1.486
1428,2025/09/22 12:00,1.737
1429,2025/09/22 13:00,1.787
1430,2025/09/22 14:00,1.744
1431,2025/09/22 15:00,1.595
1432,2025/09/22 16:00,1.359
1433,2025/09/22 17:00,1.037
1434,2025/09/22 18:00,0.818
1435,2025/09/22 19:00,0.743
1436,2025/09/22 20:00,0.75
1437,2025/09/22 21:00,0.905
1438,2025/09/22 22:00,1.17
1439,2025/09/22 23:00,1.442
1440,2025/09/23 00:00,1.61
1441,2025/09/23 01:00,1.748
1442,2025/09/23 02:00,1.785
1443,2025/09/23 03:00,1.664
1444,2025/09/23 04:00,1.403
1445,2025/09/23 05:00,1.12
1446,2025/09/23 06:00,0.854
1447,2025/09/23 07:00,0.712
1448,2025/09/23 08:00,0.774
1449,2025/09/23 09:00,0.909
1450,2025/09/23 10:00,1.151
1451,2025/09/23 11:00,1.444
1452,2025/09/23 12:00,1.697
1453,2025/09/23 13:00,1.845
1454,2025/09/23 14:00,1.899
1455,2025/09/23 15:00,1.829
1456,2025/09/23 16:00,1.63
1457,2025/09/23 17:00,1.339
1458,2025/09/23 18:00,1.057
1459,2025/09/23 19:00,0.89
1460,2025/09/23 20:00,0.845
1461,2025/09/23 21:00,0.929
1462,2025/09/23 22:00,1.133
1463,2025/09/23 23:00,1.321
1464,2025/09/24 00:00,1.592
1465,2025/09/24 01:00,1.72
1466,2025/09/24 02:00,1.831
1467,2025/09/24 03:00,1.73
1468,2025/09/24 04:00,1.528
1469,2025/09/24 05:00,1.3
1470,2025/09/24 06:00,1.015
1471,2025/09/24 07:00,0.831
1472,2025/09/24 08:00,0.765
1473,2025/09/24 09:00,0.867
1474,2025/09/24 10:00,1.057
1475,2025/09/24 11:00,1.283
1476,2025/09/24 12:00,1.569
1477,2025/09/24 13:00,1.769
1478,2025/09/24 14:00,1.903
1479,2025/09/24 15:00,1.84
1480,2025/09/24 16:00,1.689
1481,2025/09/24 17:00,1.446
1482,2025/09/24 18:00,1.163
1483,2025/09/24 19:00,0.983
1484,2025/09/24 20:00,0.855
1485,2025/09/24 21:00,0.872
1486,2025/09/24 22:00,0.975
1487,2025/09/24 23:00,1.206
1488,2025/09/25 00:00,1.448
1489,2025/09/25 01:00,1.638
1490,2025/09/25 02:00,1.704
1491,2025/09/25 03:00,1.657
1492,2025/09/25 04:00,1.545
1493,2025/09/25 05:00,1.304
1494,2025/09/25 06:00,1.051
1495,2025/09/25 07:00,0.863
1496,2025/09/25 08:00,0.756
1497,2025/09/25 09:00,0.732
1498,2025/09/25 10:00,0.851
1499,2025/09/25 11:00,1.083
1500,2025/09/25 12:00,1.354
1501,2025/09/25 13:00,1.584
1502,2025/09/25 14:00,1.762
1503,2025/09/25 15:00,1.784
1504,2025/09/25 16:00,1.705
1505,2025/09/25 17:00,1.513
1506,2025/09/25 18:00,1.259
1507,2025/09/25 19:00,1.058
1508,2025/09/25 20:00,0.873
1509,2025/09/25 21:00,0.864
1510,2025/09/25 22:00,0.962
1511,2025/09/25 23:00,1.084
1512,2025/09/26 00:00,1.267
1513,2025/09/26 01:00,1.452
1514,2025/09/26 02:00,1.595
1515,2025/09/26 03:00,1.642
1516,2025/09/26 04:00,1.606
1517,2025/09/26 05:00,1.451
1518,2025/09/26 06:00,1.241
1519,2025/09/26 07:00,1.028
1520,2025/09/26 08:00,0.871
1521,2025/09/26 09:00,0.812
1522,2025/09/26 10:00,0.931
1523,2025/09/26 11:00,1.1
1524,2025/09/26 12:00,1.377
1525,2025/09/26 13:00,1.649
1526,2025/09/26 14:00,1.893
1527,2025/09/26 15:00,2.04
1528,2025/09/26 16:00,2.058
1529,2025/09/26 17:00,1.958
1530,2025/09/26 18:00,1.758
1531,2025/09/26 19:00,1.483
1532,2025/09/26 20:00,1.315
1533,2025/09/20 00:00,1.933
1534,2025/09/20 01:00,1.816
1535,2025/09/20 02:00,1.628
1536,2025/09/20 03:00,1.383
1537,2025/09/20 04:00,1.151
1538,2025/09/20 05:00,0.991
1539,2025/09/20 06:00,0.972
1540,2025/09/20 07:00,1.006
1541,2025/09/20 08:00,1.187
1542,2025/09/20 09:00,1.406
1543,2025/09/20 10:00,1.615
1544,2025/09/20 11:00,1.765
1545,2025/09/20 12:00,1.776
1546,2025/09/20 13:00,1.706
1547,2025/09/20 14:00,1.521
1548,2025/09/20 15:00,1.28
1549,2025/09/20 16:00,1.034
1550,2025/09/20 17:00,0.847
1551,2025/09/20 18:00,0.747
1552,2025/09/20 19:00,0.81
1553,2025/09/20 20:00,1.022
1554,2025/09/20 21:00,1.256
1555,2025/09/20 22:00,1.494
1556,2025/09/20 23:00,1.691
1557,2025/09/21 00:00,1.799
1558,2025/09/21 01:00,1.806
1559,2025/09/21 02:00,1.636
1560,2025/09/21 03:00,1.338
1561,2025/09/21 04:00,1.036
1562,2025/09/21 05:00,0.847
1563,2025/09/21 06:00,0.736
1564,2025/09/21 07:00,0.771
1565,2025/09/21 08:00,0.93
1566,2025/09/21 09:00,1.126
1567,2025/09/21 10:00,1.326
1568,2025/09/21 11:00,1.558
1569,2025/09/21 12:00,1.703
1570,2025/09/21 13:00,1.723
1571,2025/09/21 14:00,1.594
1572,2025/09/21 15:00,1.342
1573,2025/09/21 16:00,1.064
1574,2025/09/21 17:00,0.839
1575,2025/09/21 18:00,0.704
1576,2025/09/21 19:00,0.666
1577,2025/09/21 20:00,0.794
1578,2025/09/21 21:00,0.95
1579,2025/09/21 22:00,1.211
1580,2025/09/21 23:00,1.474
1581,2025/09/22 00:00,1.674
1582,2025/09/22 01:00,1.748
1583,2025/09/22 02:00,1.697
1584,2025/09/22 03:00,1.462
1585,2025/09/22 04:00,1.194
1586,2025/09/22 05:00,0.954
1587,2025/09/22 06:00,0.733
1588,2025/09/22 07:00,0.683
1589,2025/09/22 08:00,0.79
1590,2025/09/22 09:00,0.97
1591,2025/09/22 10:00,1.248
1592,2025/09/22 11:00,1.486
1593,2025/09/22 12:00,1.737
1594,2025/09/22 13:00,1.787
1595,2025/09/22 14:00,1.744
1596,2025/09/22 15:00,1.595
1597,2025/09/22 16:00,1.359
1598,2025/09/22 17:00,1.037
1599,2025/09/22 18:00,0.818
1600,2025/09/22 19:00,0.743
1601,2025/09/22 20:00,0.75
1602,2025/09/22 21:00,0.905
1603,2025/09/22 22:00,1.17
1604,2025/09/22 23:00,1.442
1605,2025/09/23 00:00,1.61
1606,2025/09/23 01:00,1.748
1607,2025/09/23 02:00,1.785
1608,2025/09/23 03:00,1.664
1609,2025/09/23 04:00,1.403
1610,2025/09/23 05:00,1.12
1611,2025/09/23 06:00,0.854
1612,2025/09/23 07:00,0.712
1613,2025/09/23 08:00,0.774
1614,2025/09/23 09:00,0.909
1615,2025/09/23 10:00,1.151
1616,2025/09/23 11:00,1.444
1617,2025/09/23 12:00,1.697
1618,2025/09/23 13:00,1.845
1619,2025/09/23 14:00,1.899
1620,2025/09/23 15:00,1.829
1621,2025/09/23 16:00,1.63
1622,2025/09/23 17:00,1.339
1623,2025/09/23 18:00,1.057
1624,2025/09/23 19:00,0.89
1625,2025/09/23 20:00,0.845
1626,2025/09/23 21:00,0.929
1627,2025/09/23 22:00,1.133
1628,2025/09/23 23:00,1.321
1629,2025/09/24 00:00,1.592
1630,2025/09/24 01:00,1.72
1631,2025/09/24 02:00,1.831
1632,2025/09/24 03:00,1.73
1633,2025/09/24 04:00,1.528
1634,2025/09/24 05:00,1.3
1635,2025/09/24 06:00,1.015
1636,2025/09/24 07:00,0.831
1637,2025/09/24 08:00,0.765
1638,2025/09/24 09:00,0.867
1639,2025/09/24 10:00,1.057
1640,2025/09/24 11:00,1.283
1641,2025/09/24 12:00,1.569
1642,2025/09/24 13:00,1.769
1643,2025/09/24 14:00,1.903
1644,2025/09/24 15:00,1.84
1645,2025/09/24 16:00,1.689
1646,2025/09/24 17:00,1.446
1647,2025/09/24 18:00,1.163
1648,2025/09/24 19:00,0.983
1649,2025/09/24 20:00,0.855
1650,2025/09/24 21:00,0.872
1651,2025/09/24 22:00,0.975
1652,2025/09/24 23:00,1.206
1653,2025/09/25 00:00,1.448
1654,2025/09/25 01:00,1.638
1655,2025/09/25 02:00,1.704
1656,2025/09/25 03:00,1.657
1657,2025/09/25 04:00,1.545
1658,2025/09/25 05:00,1.304
1659,2025/09/25 06:00,1.051
1660,2025/09/25 07:00,0.863
1661,2025/09/25 08:00,0.756
1662,2025/09/25 09:00,0.732
1663,2025/09/25 10:00,0.851
1664,2025/09/25 11:00,1.083
1665,2025/09/25 12:00,1.354
1666,2025/09/25 13:00,1.584
1667,2025/09/25 14:00,1.762
1668,2025/09/25 15:00,1.784
1669,2025/09/25 16:00,1.705
1670,2025/09/25 17:00,1.513
1671,2025/09/25 18:00,1.259
1672,2025/09/25 19:00,1.058
1673,2025/09/25 20:00,0.873
1674,2025/09/25 21:00,0.864
1675,2025/09/25 22:00,0.962
1676,2025/09/25 23:00,1.084
1677,2025/09/26 00:00,1.267
1678,2025/09/26 01:00,1.452
1679,2025/09/26 02:00,1.595
1680,2025/09/26 03:00,1.642
1681,2025/09/26 04:00,1.606
1682,2025/09/26 05:00,1.451
1683,2025/09/26 06:00,1.241
1684,2025/09/26 07:00,1.028
1685,2025/09/26 08:00,0.871
1686,2025/09/26 09:00,0.812
1687,2025/09/26 10:00,0.931
1688,2025/09/26 11:00,1.1
1689,2025/09/26 12:00,1.377
1690,2025/09/26 13:00,1.649
1691,2025/09/26 14:00,1.893
1692,2025/09/26 15:00,2.04
1693,2025/09/26 16:00,2.058
1694,2025/09/26 17:00,1.958
1695,2025/09/26 18:00,1.758
1696,2025/09/26 19:00,1.483
1697,2025/09/26 20:00,1.315
