date,water_level_m
2025/07/28 00:00,1.036
2025/07/28 01:00,0.752
2025/07/28 02:00,0.563
2025/07/28 03:00,0.588
2025/07/28 04:00,0.692
2025/07/28 05:00,1.018
2025/07/28 06:00,1.424
2025/07/28 07:00,1.708
2025/07/28 08:00,1.906
2025/07/28 09:00,2.002
2025/07/28 10:00,1.924
2025/07/28 11:00,1.753
2025/07/28 12:00,1.428
2025/07/28 13:00,1.122
2025/07/28 14:00,0.826
2025/07/28 15:00,0.659
2025/07/28 16:00,0.684
2025/07/28 17:00,0.826
2025/07/28 18:00,1.056
2025/07/28 19:00,1.349
2025/07/28 20:00,1.549
2025/07/28 21:00,1.65
2025/07/28 22:00,1.63
2025/07/28 23:00,1.508
2025/07/29 00:00,1.25
2025/07/29 01:00,0.988
2025/07/29 02:00,0.763
2025/07/29 03:00,0.611
2025/07/29 04:00,0.647
2025/07/29 05:00,0.823
2025/07/29 06:00,1.115
2025/07/29 07:00,1.413
2025/07/29 08:00,1.688
2025/07/29 09:00,1.837
2025/07/29 10:00,1.848
2025/07/29 11:00,1.724
2025/07/29 12:00,1.512
2025/07/29 13:00,1.186
2025/07/29 14:00,0.927
2025/07/29 15:00,0.771
2025/07/29 16:00,0.643
2025/07/29 17:00,0.73
2025/07/29 18:00,0.929
2025/07/29 19:00,1.206
2025/07/29 20:00,1.4
2025/07/29 21:00,1.551
2025/07/29 22:00,1.592
2025/07/29 23:00,1.57
2025/07/30 00:00,1.42
2025/07/30 01:00,1.185
2025/07/30 02:00,0.946
2025/07/30 03:00,0.794
2025/07/30 04:00,0.689
2025/07/30 05:00,0.774
2025/07/30 06:00,0.916
2025/07/30 07:00,1.179
2025/07/30 08:00,1.445
2025/07/30 09:00,1.645
2025/07/30 10:00,1.699
2025/07/30 11:00,1.661
2025/07/30 12:00,1.493
2025/07/30 13:00,1.257
2025/07/30 14:00,1.012
2025/07/30 15:00,0.781
2025/07/30 16:00,0.646
2025/07/30 17:00,0.646
2025/07/30 18:00,0.78
2025/07/30 19:00,1.027
2025/07/30 20:00,1.238
2025/07/30 21:00,1.489
2025/07/30 22:00,1.607
2025/07/30 23:00,1.632
2025/07/31 00:00,1.58
2025/07/31 01:00,1.394
2025/07/31 02:00,1.195
2025/07/31 03:00,0.988
2025/07/31 04:00,0.819
2025/07/31 05:00,0.778
2025/07/31 06:00,0.851
2025/07/31 07:00,1.009
2025/07/31 08:00,1.22
2025/07/31 09:00,1.385
2025/07/31 10:00,1.537
2025/07/31 11:00,1.543
2025/07/31 12:00,1.495
2025/07/31 13:00,1.322
2025/07/31 14:00,1.116
2025/07/31 15:00,0.915
2025/07/31 16:00,0.758
2025/07/31 17:00,0.697
2025/07/31 18:00,0.72
2025/07/31 19:00,0.881
2025/07/31 20:00,1.12
2025/07/31 21:00,1.327
2025/07/31 22:00,1.471
2025/07/31 23:00,1.587
2025/08/01 00:00,1.579
2025/08/01 01:00,1.511
2025/08/01 02:00,1.337
2025/08/01 03:00,1.158
2025/08/01 04:00,0.967
2025/08/01 05:00,0.832
2025/08/01 06:00,0.769
2025/08/01 07:00,0.826
2025/08/01 08:00,0.952
2025/08/01 09:00,1.09
2025/08/01 10:00,1.219
2025/08/01 11:00,1.278
2025/08/01 12:00,1.269
2025/08/01 13:00,1.197
2025/08/01 14:00,1.089
2025/08/01 15:00,0.954
2025/08/01 16:00,0.806
2025/08/01 17:00,0.727
2025/08/01 18:00,0.725
2025/08/01 19:00,0.813
2025/08/01 20:00,0.993
2025/08/01 21:00,1.223
2025/08/01 22:00,1.401
2025/08/01 23:00,1.556
2025/08/02 00:00,1.617
2025/08/02 01:00,1.621
2025/08/02 02:00,1.521
2025/08/02 03:00,1.365
2025/08/02 04:00,1.175
2025/08/02 05:00,0.983
2025/08/02 06:00,0.856
2025/08/02 07:00,0.807
2025/08/02 08:00,0.839
2025/08/02 09:00,0.933
2025/08/02 10:00,1.039
2025/08/02 11:00,1.107
2025/08/02 12:00,1.155
2025/08/02 13:00,1.133
2025/08/02 14:00,1.076
2025/08/02 15:00,0.982
2025/08/02 16:00,0.855
2025/08/02 17:00,0.749
2025/08/02 18:00,0.717
2025/08/02 19:00,0.724
2025/08/02 20:00,0.847
2025/08/02 21:00,1.014
2025/08/02 22:00,1.224
2025/08/02 23:00,1.424
2025/08/03 00:00,1.565
2025/08/03 01:00,1.61
2025/08/03 02:00,1.575
2025/08/03 03:00,1.517
2025/08/03 04:00,1.374
2025/08/03 05:00,1.204
2025/08/03 06:00,1.032
2025/08/03 07:00,0.901
2025/08/03 08:00,0.846
2025/08/03 09:00,0.836
2025/08/03 10:00,0.914
2025/08/03 11:00,0.989
2025/08/03 12:00,1.06
2025/08/03 13:00,1.082
2025/08/03 14:00,1.076
2025/08/03 15:00,1.022
2025/08/03 16:00,0.969
2025/08/03 17:00,0.893
2025/08/03 18:00,0.812
2025/08/03 19:00,0.797
2025/08/03 20:00,0.825
2025/08/03 21:00,0.912
2025/08/03 22:00,1.092
2025/08/03 23:00,1.272
2025/08/04 00:00,1.463
2025/08/04 01:00,1.599
2025/08/04 02:00,1.645
2025/08/04 03:00,1.656
2025/08/04 04:00,1.567
2025/08/04 05:00,1.42
2025/08/04 06:00,1.241
2025/08/04 07:00,1.06
2025/08/04 08:00,0.921
2025/08/04 09:00,0.84
2025/08/04 10:00,0.821
2025/08/04 11:00,0.888
2025/08/04 12:00,0.928
2025/08/04 13:00,0.978
2025/08/04 14:00,1.022
2025/08/04 15:00,1.032
2025/08/04 16:00,0.995
2025/08/04 17:00,0.949
2025/08/04 18:00,0.842
2025/08/04 19:00,0.769
2025/08/04 20:00,0.755
2025/08/04 21:00,0.786
2025/08/04 22:00,0.904
2025/08/04 23:00,1.085
2025/08/05 00:00,1.296
2025/08/05 01:00,1.485
2025/08/05 02:00,1.629
2025/08/05 03:00,1.708
2025/08/05 04:00,1.702
2025/08/05 05:00,1.607
2025/08/05 06:00,1.449
2025/08/05 07:00,1.242
2025/08/05 08:00,1.036
2025/08/05 09:00,0.863
2025/08/05 10:00,0.799
2025/08/05 11:00,0.771
2025/08/05 12:00,0.774
2025/08/05 13:00,0.849
2025/08/05 14:00,0.936
2025/08/05 15:00,0.963
2025/08/05 16:00,0.968
2025/08/05 17:00,0.92
2025/08/05 18:00,0.838
2025/08/05 19:00,0.754
2025/08/05 20:00,0.665
2025/08/05 21:00,0.631
2025/08/05 22:00,0.665
2025/08/05 23:00,0.797
2025/08/06 00:00,1.001
2025/08/06 01:00,1.234
2025/08/06 02:00,1.46
2025/08/06 03:00,1.627
2025/08/06 04:00,1.688
2025/08/06 05:00,1.683
2025/08/06 06:00,1.582
2025/08/06 07:00,1.375
2025/08/06 08:00,1.169
2025/08/06 09:00,0.937
2025/08/06 10:00,0.743
2025/08/06 11:00,0.626
2025/08/06 12:00,0.604
2025/08/06 13:00,0.662
2025/08/06 14:00,0.754
2025/08/06 15:00,0.845
2025/08/06 16:00,0.914
2025/08/06 17:00,0.921
2025/08/06 18:00,0.88
2025/08/06 19:00,0.786
2025/08/06 20:00,0.67
2025/08/06 21:00,0.559
2025/08/06 22:00,0.511
2025/08/06 23:00,0.57
2025/08/07 00:00,0.732
2025/08/07 01:00,0.99
2025/08/07 02:00,1.267
2025/08/07 03:00,1.524
2025/08/07 04:00,1.722
2025/08/07 05:00,1.781
2025/08/07 06:00,1.753
2025/08/07 07:00,1.604
2025/08/07 08:00,1.381
2025/08/07 09:00,1.078
2025/08/07 10:00,0.82
2025/08/07 11:00,0.602
2025/08/07 12:00,0.506
2025/08/07 13:00,0.519
2025/08/07 14:00,0.625
2025/08/07 15:00,0.742
2025/08/07 16:00,0.853
2025/08/07 17:00,0.935
2025/08/07 18:00,0.938
2025/08/07 19:00,0.881
2025/08/07 20:00,0.754
2025/08/07 21:00,0.601
2025/08/07 22:00,0.475
2025/08/07 23:00,0.44
2025/08/08 00:00,0.515
2025/08/08 01:00,0.725
2025/08/08 02:00,1.019
2025/08/08 03:00,1.345
2025/08/08 04:00,1.632
2025/08/08 05:00,1.818
2025/08/08 06:00,1.876
2025/08/08 07:00,1.798
2025/08/08 08:00,1.584
2025/08/08 09:00,1.301
2025/08/08 10:00,0.99
2025/08/08 11:00,0.708
2025/08/08 12:00,0.524
2025/08/08 13:00,0.456
2025/08/08 14:00,0.522
2025/08/08 15:00,0.678
2025/08/08 16:00,0.861
2025/08/08 17:00,1.007
2025/08/08 18:00,1.067
2025/08/08 19:00,1.042
2025/08/08 20:00,0.941
2025/08/08 21:00,0.791
2025/08/08 22:00,0.592
2025/08/08 23:00,0.459
2025/08/09 00:00,0.435
2025/08/09 01:00,0.55
2025/08/09 02:00,0.794
2025/08/09 03:00,1.134
2025/08/09 04:00,1.48
2025/08/09 05:00,1.753
2025/08/09 06:00,1.92
2025/08/09 07:00,1.921
2025/08/09 08:00,1.797
2025/08/09 09:00,1.518
2025/08/09 10:00,1.176
2025/08/09 11:00,0.822
2025/08/09 12:00,0.541
2025/08/09 13:00,0.382
2025/08/09 14:00,0.399
2025/08/09 15:00,0.531
2025/08/09 16:00,0.736
2025/08/09 17:00,0.979
2025/08/09 18:00,1.112
2025/08/09 19:00,1.158
2025/08/09 20:00,1.104
2025/08/09 21:00,0.965
2025/08/09 22:00,0.747
2025/08/09 23:00,0.525
2025/08/10 00:00,0.391
2025/08/10 01:00,0.417
2025/08/10 02:00,0.571
2025/08/10 03:00,0.905
2025/08/10 04:00,1.237
2025/08/10 05:00,1.596
2025/08/10 06:00,1.876
2025/08/10 07:00,2.006
2025/08/10 08:00,1.963
2025/08/10 09:00,1.762
2025/08/10 10:00,1.427
2025/08/10 11:00,1.073
2025/08/10 12:00,0.718
2025/08/10 13:00,0.466
2025/08/10 14:00,0.389
2025/08/10 15:00,0.489
2025/08/10 16:00,0.692
2025/08/10 17:00,0.967
2025/08/10 18:00,1.203
2025/08/10 19:00,1.346
2025/08/10 20:00,1.335
2025/08/10 21:00,1.248
2025/08/10 22:00,1.037
2025/08/10 23:00,0.769
2025/08/11 00:00,0.521
2025/08/11 01:00,0.403
2025/08/11 02:00,0.439
2025/08/11 03:00,0.655
2025/08/11 04:00,1.003
2025/08/11 05:00,1.382
2025/08/11 06:00,1.704
2025/08/11 07:00,1.946
2025/08/11 08:00,2.01
2025/08/11 09:00,1.893
2025/08/11 10:00,1.617
2025/08/11 11:00,1.247
2025/08/11 12:00,0.858
2025/08/11 13:00,0.553
2025/08/11 14:00,0.36
2025/08/11 15:00,0.363
2025/08/11 16:00,0.521
2025/08/11 17:00,0.807
2025/08/11 18:00,1.07
2025/08/11 19:00,1.289
2025/08/11 20:00,1.407
2025/08/11 21:00,1.395
2025/08/11 22:00,1.25
2025/08/11 23:00,0.998
2025/08/12 00:00,0.691
2025/08/12 01:00,0.448
2025/08/12 02:00,0.353
2025/08/12 03:00,0.42
2025/08/12 04:00,0.645
2025/08/12 05:00,1.008
2025/08/12 06:00,1.398
2025/08/12 07:00,1.72
2025/08/12 08:00,1.898
2025/08/12 09:00,1.915
2025/08/12 10:00,1.789
2025/08/12 11:00,1.492
2025/08/12 12:00,1.122
2025/08/12 13:00,0.775
2025/08/12 14:00,0.519
2025/08/12 15:00,0.434
2025/08/12 16:00,0.509
2025/08/12 17:00,0.769
2025/08/12 18:00,1.088
2025/08/12 19:00,1.391
2025/08/12 20:00,1.579
2025/08/12 21:00,1.627
2025/08/12 22:00,1.556
2025/08/12 23:00,1.336
2025/08/13 00:00,1.033
2025/08/13 01:00,0.708
2025/08/13 02:00,0.501
2025/08/13 03:00,0.405
2025/08/13 04:00,0.502
2025/08/13 05:00,0.752
2025/08/13 06:00,1.108
2025/08/13 07:00,1.468
2025/08/13 08:00,1.726
2025/08/13 09:00,1.836
2025/08/13 10:00,1.792
2025/08/13 11:00,1.617
2025/08/13 12:00,1.304
2025/08/13 13:00,0.958
2025/08/13 14:00,0.681
2025/08/13 15:00,0.515
2025/08/13 16:00,0.505
2025/08/13 17:00,0.668
2025/08/13 18:00,0.971
2025/08/13 19:00,1.32
2025/08/13 20:00,1.608
2025/08/13 21:00,1.766
2025/08/13 22:00,1.783
2025/08/13 23:00,1.679
2025/08/14 00:00,1.433
2025/08/14 01:00,1.06
2025/08/14 02:00,0.759
2025/08/14 03:00,0.538
2025/08/14 04:00,0.482
2025/08/14 05:00,0.584
2025/08/14 06:00,0.814
2025/08/14 07:00,1.091
2025/08/14 08:00,1.398
2025/08/14 09:00,1.562
2025/08/14 10:00,1.639
2025/08/14 11:00,1.587
2025/08/14 12:00,1.388
2025/08/14 13:00,1.088
2025/08/14 14:00,0.791
2025/08/14 15:00,0.583
2025/08/14 16:00,0.492
2025/08/14 17:00,0.577
2025/08/14 18:00,0.778
2025/08/14 19:00,1.136
2025/08/14 20:00,1.475
2025/08/14 21:00,1.733
2025/08/14 22:00,1.854
2025/08/14 23:00,1.849
2025/08/15 00:00,1.673
2025/08/15 01:00,1.425
2025/08/15 02:00,1.104
2025/08/15 03:00,0.799
2025/08/15 04:00,0.611
2025/08/15 05:00,0.537
2025/08/15 06:00,0.633
2025/08/15 07:00,0.832
2025/08/15 08:00,1.08
2025/08/15 09:00,1.281
2025/08/15 10:00,1.422
2025/08/15 11:00,1.439
2025/08/15 12:00,1.366
2025/08/15 13:00,1.175
2025/08/15 14:00,0.919
2025/08/15 15:00,0.686
2025/08/15 16:00,0.512
2025/08/15 17:00,0.516
2025/08/15 18:00,0.62
2025/08/15 19:00,0.866
2025/08/15 20:00,1.158
2025/08/15 21:00,1.478
2025/08/15 22:00,1.697
2025/08/15 23:00,1.771
2025/08/16 00:00,1.774
2025/08/16 01:00,1.618
2025/08/16 02:00,1.377
2025/08/16 03:00,1.083
2025/08/16 04:00,0.811
2025/08/16 05:00,0.623
2025/08/16 06:00,0.577
2025/08/16 07:00,0.618
2025/08/16 08:00,0.803
2025/08/16 09:00,1.008
2025/08/16 10:00,1.153
2025/08/16 11:00,1.245
2025/08/16 12:00,1.259
2025/08/16 13:00,1.197
2025/08/16 14:00,1.038
2025/08/16 15:00,0.888
2025/08/16 16:00,0.703
2025/08/16 17:00,0.648
2025/08/16 18:00,0.64
2025/08/16 19:00,0.768
2025/08/16 20:00,1.032
2025/08/16 21:00,1.303
2025/08/16 22:00,1.582
2025/08/16 23:00,1.792
2025/08/17 00:00,1.854
2025/08/17 01:00,1.816
2025/08/17 02:00,1.689
2025/08/17 03:00,1.451
2025/08/17 04:00,1.183
2025/08/17 05:00,0.961
2025/08/17 06:00,0.759
2025/08/17 07:00,0.644
2025/08/17 08:00,0.666
2025/08/17 09:00,0.783
2025/08/17 10:00,0.919
2025/08/17 11:00,1.045
2025/08/17 12:00,1.125
2025/08/17 13:00,1.158
2025/08/17 14:00,1.151
2025/08/17 15:00,1.014
2025/08/17 16:00,0.825
2025/08/17 17:00,0.731
2025/08/17 18:00,0.639
2025/08/17 19:00,0.7
2025/08/17 20:00,0.876
2025/08/17 21:00,1.115
2025/08/17 22:00,1.415
2025/08/17 23:00,1.636
2025/08/18 00:00,1.848
2025/08/18 01:00,1.945
2025/08/18 02:00,1.973
2025/08/18 03:00,1.864
2025/08/18 04:00,1.641
2025/08/18 05:00,1.376
2025/08/18 06:00,1.127
2025/08/18 07:00,0.906
2025/08/18 08:00,0.783
2025/08/18 09:00,0.735
2025/08/18 10:00,0.809
2025/08/18 11:00,0.856
2025/08/18 12:00,0.979
2025/08/18 13:00,1.038
2025/08/18 14:00,1.075
2025/08/18 15:00,1.064
2025/08/18 16:00,0.979
2025/08/18 17:00,0.885
2025/08/18 18:00,0.784
2025/08/18 19:00,0.698
2025/08/18 20:00,0.692
2025/08/18 21:00,0.781
2025/08/18 22:00,0.997
2025/08/18 23:00,1.254
2025/08/19 00:00,1.538
2025/08/19 01:00,1.728
2025/08/19 02:00,1.835
2025/08/19 03:00,1.873
2025/08/19 04:00,1.769
2025/08/19 05:00,1.578
2025/08/19 06:00,1.319
2025/08/19 07:00,1.022
2025/08/19 08:00,0.784
2025/08/19 09:00,0.624
2025/08/19 10:00,0.534
2025/08/19 11:00,0.562
2025/08/19 12:00,0.653
2025/08/19 13:00,0.744
2025/08/19 14:00,0.872
2025/08/19 15:00,0.943
2025/08/19 16:00,0.932
2025/08/19 17:00,0.882
2025/08/19 18:00,0.771
2025/08/19 19:00,0.65
2025/08/19 20:00,0.546
2025/08/19 21:00,0.5
2025/08/19 22:00,0.599
2025/08/19 23:00,0.784
2025/08/20 00:00,1.089
2025/08/20 01:00,1.371
2025/08/20 02:00,1.629
2025/08/20 03:00,1.804
2025/08/20 04:00,1.872
2025/08/20 05:00,1.839
2025/08/20 06:00,1.679
2025/08/20 07:00,1.429
2025/08/20 08:00,1.115
2025/08/20 09:00,0.867
2025/08/20 10:00,0.685
2025/08/20 11:00,0.604
2025/08/20 12:00,0.639
2025/08/20 13:00,0.771
2025/08/20 14:00,0.898
2025/08/20 15:00,1.035
2025/08/20 16:00,1.101
2025/08/20 17:00,1.079
2025/08/20 18:00,1.021
2025/08/20 19:00,0.878
2025/08/20 20:00,0.698
2025/08/20 21:00,0.552
2025/08/20 22:00,0.503
2025/08/20 23:00,0.571
2025/08/21 00:00,0.775
2025/08/21 01:00,1.051
2025/08/21 02:00,1.377
2025/08/21 03:00,1.66
2025/08/21 04:00,1.852
2025/08/21 05:00,1.916
2025/08/21 06:00,1.854
2025/08/21 07:00,1.657
2025/08/21 08:00,1.359
2025/08/21 09:00,1.029
2025/08/21 10:00,0.719
2025/08/21 11:00,0.537
2025/08/21 12:00,0.466
2025/08/21 13:00,0.529
2025/08/21 14:00,0.667
2025/08/21 15:00,0.871
2025/08/21 16:00,1.022
2025/08/21 17:00,1.107
2025/08/21 18:00,1.123
2025/08/21 19:00,1.025
2025/08/21 20:00,0.857
2025/08/21 21:00,0.676
2025/08/21 22:00,0.521
2025/08/21 23:00,0.439
2025/08/22 00:00,0.521
2025/08/22 01:00,0.731
2025/08/22 02:00,1.035
2025/08/22 03:00,1.415
2025/08/22 04:00,1.7
2025/08/22 05:00,1.898
2025/08/22 06:00,1.978
2025/08/22 07:00,1.897
2025/08/22 08:00,1.672
2025/08/22 09:00,1.36
2025/08/22 10:00,1.016
2025/08/22 11:00,0.708
2025/08/22 12:00,0.544
2025/08/22 13:00,0.515
2025/08/22 14:00,0.594
2025/08/22 15:00,0.805
2025/08/22 16:00,1.03
2025/08/22 17:00,1.196
2025/08/22 18:00,1.308
2025/08/22 19:00,1.28
2025/08/22 20:00,1.133
2025/08/22 21:00,0.939
2025/08/22 22:00,0.695
2025/08/22 23:00,0.522
2025/08/23 00:00,0.48
2025/08/23 01:00,0.579
2025/08/23 02:00,0.809
2025/08/23 03:00,1.142
2025/08/23 04:00,1.514
2025/08/23 05:00,1.825
2025/08/23 06:00,1.981
2025/08/23 07:00,2.001
2025/08/23 08:00,1.901
2025/08/23 09:00,1.622
2025/08/23 10:00,1.256
2025/08/23 11:00,0.902
2025/08/23 12:00,0.63
2025/08/23 13:00,0.49
2025/08/23 14:00,0.519
2025/08/23 15:00,0.701
2025/08/23 16:00,0.943
2025/08/23 17:00,1.198
2025/08/23 18:00,1.347
2025/08/23 19:00,1.418
2025/08/23 20:00,1.314
2025/08/23 21:00,1.169
2025/08/23 22:00,0.872
2025/08/23 23:00,0.629
2025/08/24 00:00,0.441
2025/08/24 01:00,0.399
2025/08/24 02:00,0.524
2025/08/24 03:00,0.809
2025/08/24 04:00,1.156
2025/08/24 05:00,1.536
2025/08/24 06:00,1.792
2025/08/24 07:00,1.92
2025/08/24 08:00,1.901
2025/08/24 09:00,1.744
2025/08/24 10:00,1.436
2025/08/24 11:00,1.055
2025/08/24 12:00,0.755
2025/08/24 13:00,0.536
2025/08/24 14:00,0.423
2025/08/24 15:00,0.543
2025/08/24 16:00,0.778
2025/08/24 17:00,1.059
2025/08/24 18:00,1.291
2025/08/24 19:00,1.421
2025/08/24 20:00,1.479
2025/08/24 21:00,1.355
2025/08/24 22:00,1.145
2025/08/24 23:00,0.864
2025/08/25 00:00,0.591
2025/08/25 01:00,0.433
2025/08/25 02:00,0.403
2025/08/25 03:00,0.559
2025/08/25 04:00,0.853
2025/08/25 05:00,1.211
2025/08/25 06:00,1.549
2025/08/25 07:00,1.767
2025/08/25 08:00,1.84
2025/08/25 09:00,1.771
2025/08/25 10:00,1.547
2025/08/25 11:00,1.206
2025/08/25 12:00,0.896
2025/08/25 13:00,0.624
2025/08/25 14:00,0.483
2025/08/25 15:00,0.495
2025/08/25 16:00,0.696
2025/08/25 17:00,0.976
2025/08/25 18:00,1.23
2025/08/25 19:00,1.477
2025/08/25 20:00,1.58
2025/08/25 21:00,1.545
2025/08/25 22:00,1.354
2025/08/25 23:00,1.096
2025/08/26 00:00,0.788
2025/08/26 01:00,0.55
2025/08/26 02:00,0.427
2025/08/26 03:00,0.449
2025/08/26 04:00,0.693
2025/08/26 05:00,1.02
2025/08/26 06:00,1.347
2025/08/26 07:00,1.639
2025/08/26 08:00,1.797
2025/08/26 09:00,1.815
2025/08/26 10:00,1.723
2025/08/26 11:00,1.439
2025/08/26 12:00,1.147
2025/08/26 13:00,0.827
2025/08/26 14:00,0.625
2025/08/26 15:00,0.603
2025/08/26 16:00,0.691
2025/08/26 17:00,0.888
2025/08/26 18:00,1.205
2025/08/26 19:00,1.446
2025/08/26 20:00,1.581
2025/08/26 21:00,1.621
2025/08/26 22:00,1.504
2025/08/26 23:00,1.279
2025/08/27 00:00,0.982
2025/08/27 01:00,0.696
2025/08/27 02:00,0.502
2025/08/27 03:00,0.425
2025/08/27 04:00,0.504
2025/08/27 05:00,0.741
2025/08/27 06:00,1.059
2025/08/27 07:00,1.326
2025/08/27 08:00,1.523
2025/08/27 09:00,1.589
2025/08/27 10:00,1.566
2025/08/27 11:00,1.396
2025/08/27 12:00,1.165
2025/08/27 13:00,0.889
2025/08/27 14:00,0.685
2025/08/27 15:00,0.613
2025/08/27 16:00,0.676
2025/08/27 17:00,0.869
2025/08/27 18:00,1.166
2025/08/27 19:00,1.469
2025/08/27 20:00,1.675
2025/08/27 21:00,1.8
2025/08/27 22:00,1.799
2025/08/27 23:00,1.656
2025/08/28 00:00,1.388
2025/08/28 01:00,1.098
2025/08/28 02:00,0.839
2025/08/28 03:00,0.695
2025/08/28 04:00,0.635
2025/08/28 05:00,0.734
2025/08/28 06:00,0.941
2025/08/28 07:00,1.195
2025/08/28 08:00,1.386
2025/08/28 09:00,1.526
2025/08/28 10:00,1.528
2025/08/28 11:00,1.445
2025/08/28 12:00,1.268
2025/08/28 13:00,1.043
2025/08/28 14:00,0.844
2025/08/28 15:00,0.734
2025/08/28 16:00,0.721
2025/08/28 17:00,0.834
2025/08/28 18:00,1.067
2025/08/28 19:00,1.334
2025/08/28 20:00,1.577
2025/08/28 21:00,1.722
2025/08/28 22:00,1.764
2025/08/28 23:00,1.69
2025/08/29 00:00,1.516
2025/08/29 01:00,1.245
2025/08/29 02:00,0.985
2025/08/29 03:00,0.784
2025/08/29 04:00,0.666
2025/08/29 05:00,0.682
2025/08/29 06:00,0.796
2025/08/29 07:00,0.982
2025/08/29 08:00,1.151
2025/08/29 09:00,1.299
2025/08/29 10:00,1.342
2025/08/29 11:00,1.306
2025/08/29 12:00,1.191
2025/08/29 13:00,1.013
2025/08/29 14:00,0.842
2025/08/29 15:00,0.727
2025/08/29 16:00,0.689
2025/08/29 17:00,0.756
2025/08/29 18:00,0.909
2025/08/29 19:00,1.138
2025/08/29 20:00,1.393
2025/08/29 21:00,1.581
2025/08/29 22:00,1.712
2025/08/29 23:00,1.714
2025/08/30 00:00,1.608
2025/08/30 01:00,1.452
2025/08/30 02:00,1.24
2025/08/30 03:00,1.008
2025/08/30 04:00,0.883
2025/08/30 05:00,0.8
2025/08/30 06:00,0.793
2025/08/30 07:00,0.925
2025/08/30 08:00,1.059
2025/08/30 09:00,1.179
2025/08/30 10:00,1.265
2025/08/30 11:00,1.271
2025/08/30 12:00,1.202
2025/08/30 13:00,1.102
2025/08/30 14:00,0.957
2025/08/30 15:00,0.85
2025/08/30 16:00,0.791
2025/08/30 17:00,0.812
2025/08/30 18:00,0.9
2025/08/30 19:00,1.11
2025/08/30 20:00,1.284
2025/08/30 21:00,1.495
2025/08/30 22:00,1.63
2025/08/30 23:00,1.682
2025/08/31 00:00,1.662
2025/08/31 01:00,1.531
2025/08/31 02:00,1.331
2025/08/31 03:00,1.106
2025/08/31 04:00,0.876
2025/08/31 05:00,0.725
2025/08/31 06:00,0.667
2025/08/31 07:00,0.672
2025/08/31 08:00,0.75
2025/08/31 09:00,0.861
2025/08/31 10:00,0.969
2025/08/31 11:00,1.046
2025/08/31 12:00,1.075
2025/08/31 13:00,1.051
2025/08/31 14:00,1.027
2025/08/31 15:00,0.972
2025/08/31 16:00,0.902
2025/08/31 17:00,0.895
2025/08/31 18:00,0.934
2025/08/31 19:00,1.064
2025/08/31 20:00,1.217
2025/08/31 21:00,1.4
2025/08/31 22:00,1.549
2025/08/31 23:00,1.678
2025/09/01 00:00,1.68
2025/09/01 01:00,1.638
2025/09/01 02:00,1.497
2025/09/01 03:00,1.332
2025/09/01 04:00,1.12
2025/09/01 05:00,0.927
2025/09/01 06:00,0.756
2025/09/01 07:00,0.669
2025/09/01 08:00,0.659
2025/09/01 09:00,0.684
2025/09/01 10:00,0.75
2025/09/01 11:00,0.821
2025/09/01 12:00,0.878
2025/09/01 13:00,0.901
2025/09/01 14:00,0.912
2025/09/01 15:00,0.887
2025/09/01 16:00,0.845
2025/09/01 17:00,0.814
2025/09/01 18:00,0.811
2025/09/01 19:00,0.861
2025/09/01 20:00,0.947
2025/09/01 21:00,1.11
2025/09/01 22:00,1.288
2025/09/01 23:00,1.438
2025/09/02 00:00,1.553
2025/09/02 01:00,1.612
2025/09/02 02:00,1.592
2025/09/02 03:00,1.502
2025/09/02 04:00,1.357
2025/09/02 05:00,1.164
2025/09/02 06:00,0.994
2025/09/02 07:00,0.839
2025/09/02 08:00,0.747
2025/09/02 09:00,0.722
2025/09/02 10:00,0.754
2025/09/02 11:00,0.792
2025/09/02 12:00,0.855
2025/09/02 13:00,0.889
2025/09/02 14:00,0.896
2025/09/02 15:00,0.891
2025/09/02 16:00,0.849
2025/09/02 17:00,0.773
2025/09/02 18:00,0.722
2025/09/02 19:00,0.687
2025/09/02 20:00,0.702
2025/09/02 21:00,0.8
2025/09/02 22:00,0.97
2025/09/02 23:00,1.168
2025/09/03 00:00,1.373
2025/09/03 01:00,1.553
2025/09/03 02:00,1.666
2025/09/03 03:00,1.716
2025/09/03 04:00,1.694
2025/09/03 05:00,1.6
2025/09/03 06:00,1.416
2025/09/03 07:00,1.225
2025/09/03 08:00,1.06
2025/09/03 09:00,0.933
2025/09/03 10:00,0.889
2025/09/03 11:00,0.888
2025/09/03 12:00,0.915
2025/09/03 13:00,0.951
2025/09/03 14:00,0.994
2025/09/03 15:00,1.01
2025/09/03 16:00,0.982
2025/09/03 17:00,0.924
2025/09/03 18:00,0.842
2025/09/03 19:00,0.788
2025/09/03 20:00,0.73
2025/09/03 21:00,0.757
2025/09/03 22:00,0.855
2025/09/03 23:00,1.045
2025/09/04 00:00,1.262
2025/09/04 01:00,1.51
2025/09/04 02:00,1.695
2025/09/04 03:00,1.824
2025/09/04 04:00,1.87
2025/09/04 05:00,1.788
2025/09/04 06:00,1.644
2025/09/04 07:00,1.426
2025/09/04 08:00,1.185
2025/09/04 09:00,0.961
2025/09/04 10:00,0.832
2025/09/04 11:00,0.755
2025/09/04 12:00,0.785
2025/09/04 13:00,0.833
2025/09/04 14:00,0.936
2025/09/04 15:00,1.009
2025/09/04 16:00,1.053
2025/09/04 17:00,1.033
2025/09/04 18:00,0.983
2025/09/04 19:00,0.883
2025/09/04 20:00,0.768
2025/09/04 21:00,0.705
2025/09/04 22:00,0.698
2025/09/04 23:00,0.8
2025/09/05 00:00,0.992
2025/09/05 01:00,1.244
2025/09/05 02:00,1.48
2025/09/05 03:00,1.716
2025/09/05 04:00,1.812
2025/09/05 05:00,1.85
2025/09/05 06:00,1.748
2025/09/05 07:00,1.537
2025/09/05 08:00,1.268
2025/09/05 09:00,0.997
2025/09/05 10:00,0.776
2025/09/05 11:00,0.645
2025/09/05 12:00,0.608
2025/09/05 13:00,0.694
2025/09/05 14:00,0.842
2025/09/05 15:00,1.017
2025/09/05 16:00,1.117
2025/09/05 17:00,1.176
2025/09/05 18:00,1.153
2025/09/05 19:00,1.04
2025/09/05 20:00,0.876
2025/09/05 21:00,0.711
2025/09/05 22:00,0.59
2025/09/05 23:00,0.573
2025/09/06 00:00,0.69
2025/09/06 01:00,0.933
2025/09/06 02:00,1.233
2025/09/06 03:00,1.54
2025/09/06 04:00,1.796
2025/09/06 05:00,1.898
2025/09/06 06:00,1.894
2025/09/06 07:00,1.782
2025/09/06 08:00,1.492
2025/09/06 09:00,1.151
2025/09/06 10:00,0.876
2025/09/06 11:00,0.608
2025/09/06 12:00,0.504
2025/09/06 13:00,0.513
2025/09/06 14:00,0.618
2025/09/06 15:00,0.872
2025/09/06 16:00,1.094
2025/09/06 17:00,1.246
2025/09/06 18:00,1.283
2025/09/06 19:00,1.239
2025/09/06 20:00,1.064
2025/09/06 21:00,0.818
2025/09/06 22:00,0.617
2025/09/06 23:00,0.431
2025/09/07 00:00,0.43
2025/09/07 01:00,0.576
2025/09/07 02:00,0.925
2025/09/07 03:00,1.165
2025/09/07 04:00,1.549
2025/09/07 05:00,1.789
2025/09/07 06:00,1.834
2025/09/07 07:00,1.883
2025/09/07 08:00,1.677
2025/09/07 09:00,1.383
2025/09/07 10:00,1.038
2025/09/07 11:00,0.73
2025/09/07 12:00,0.494
2025/09/07 13:00,0.445
2025/09/07 14:00,0.565
2025/09/07 15:00,0.791
2025/09/07 16:00,1.12
2025/09/07 17:00,1.384
2025/09/07 18:00,1.484
2025/09/07 19:00,1.522
2025/09/07 20:00,1.373
2025/09/07 21:00,1.135
2025/09/07 22:00,0.774
2025/09/07 23:00,0.568
2025/09/08 00:00,0.381
2025/09/08 01:00,0.397
2025/09/08 02:00,0.602
2025/09/08 03:00,0.985
2025/09/08 04:00,1.354
2025/09/08 05:00,1.656
2025/09/08 06:00,1.918
2025/09/08 07:00,1.984
2025/09/08 08:00,1.867
2025/09/08 09:00,1.634
2025/09/08 10:00,1.268
2025/09/08 11:00,0.797
2025/09/08 12:00,0.552
2025/09/08 13:00,0.358
2025/09/08 14:00,0.419
2025/09/08 15:00,0.657
2025/09/08 16:00,0.982
2025/09/08 17:00,1.264
2025/09/08 18:00,1.511
2025/09/08 19:00,1.594
2025/09/08 20:00,1.522
2025/09/08 21:00,1.333
2025/09/08 22:00,1.019
2025/09/08 23:00,0.622
2025/09/09 00:00,0.346
2025/09/09 01:00,0.2
2025/09/09 02:00,0.249
2025/09/09 03:00,0.491
2025/09/09 04:00,0.831
2025/09/09 05:00,1.253
2025/09/09 06:00,1.573
2025/09/09 07:00,1.76
2025/09/09 08:00,1.799
2025/09/09 09:00,1.673
2025/09/09 10:00,1.378
2025/09/09 11:00,0.992
2025/09/09 12:00,0.658
2025/09/09 13:00,0.403
2025/09/09 14:00,0.335
2025/09/09 15:00,0.47
2025/09/09 16:00,0.774
2025/09/09 17:00,1.142
2025/09/09 18:00,1.486
2025/09/09 19:00,1.692
2025/09/09 20:00,1.751
2025/09/09 21:00,1.626
2025/09/09 22:00,1.379
2025/09/09 23:00,0.982
2025/09/10 00:00,0.608
2025/09/10 01:00,0.301
2025/09/10 02:00,0.193
2025/09/10 03:00,0.249
2025/09/10 04:00,0.551
2025/09/10 05:00,0.907
2025/09/10 06:00,1.283
2025/09/10 07:00,1.574
2025/09/10 08:00,1.694
2025/09/10 09:00,1.674
2025/09/10 10:00,1.476
2025/09/10 11:00,1.134
2025/09/10 12:00,0.775
2025/09/10 13:00,0.487
2025/09/10 14:00,0.322
2025/09/10 15:00,0.372
2025/09/10 16:00,0.608
2025/09/10 17:00,0.959
2025/09/10 18:00,1.364
2025/09/10 19:00,1.671
2025/09/10 20:00,1.843
2025/09/10 21:00,1.856
2025/09/10 22:00,1.666
2025/09/10 23:00,1.337
2025/09/11 00:00,0.907
2025/09/11 01:00,0.537
2025/09/11 02:00,0.329
2025/09/11 03:00,0.268
2025/09/11 04:00,0.407
2025/09/11 05:00,0.688
2025/09/11 06:00,1.085
2025/09/11 07:00,1.412
2025/09/11 08:00,1.636
2025/09/11 09:00,1.682
2025/09/11 10:00,1.607
2025/09/11 11:00,1.384
2025/09/11 12:00,1.055
2025/09/11 13:00,0.745
2025/09/11 14:00,0.539
2025/09/11 15:00,0.483
2025/09/11 16:00,0.613
2025/09/11 17:00,0.91
2025/09/11 18:00,1.306
2025/09/11 19:00,1.674
2025/09/11 20:00,1.946
2025/09/11 21:00,2.054
2025/09/11 22:00,1.974
2025/09/11 23:00,1.766
2025/09/12 00:00,1.398
2025/09/12 01:00,0.992
2025/09/12 02:00,0.662
2025/09/12 03:00,0.43
2025/09/12 04:00,0.375
2025/09/12 05:00,0.454
2025/09/12 06:00,0.709
2025/09/12 07:00,1.017
2025/09/12 08:00,1.261
2025/09/12 09:00,1.42
2025/09/12 10:00,1.436
2025/09/12 11:00,1.329
2025/09/12 12:00,1.118
2025/09/12 13:00,0.87
2025/09/12 14:00,0.627
2025/09/12 15:00,0.492
2025/09/12 16:00,0.504
2025/09/12 17:00,0.674
2025/09/12 18:00,0.952
2025/09/12 19:00,1.314
2025/09/12 20:00,1.633
2025/09/12 21:00,1.835
2025/09/12 22:00,1.907
2025/09/12 23:00,1.845
2025/09/13 00:00,1.626
2025/09/13 01:00,1.315
2025/09/13 02:00,0.985
2025/09/13 03:00,0.691
2025/09/13 04:00,0.519
2025/09/13 05:00,0.442
2025/09/13 06:00,0.579
2025/09/13 07:00,0.802
2025/09/13 08:00,1.029
2025/09/13 09:00,1.246
2025/09/13 10:00,1.339
2025/09/13 11:00,1.355
2025/09/13 12:00,1.275
2025/09/13 13:00,1.093
2025/09/13 14:00,0.909
2025/09/13 15:00,0.743
2025/09/13 16:00,0.649
2025/09/13 17:00,0.681
2025/09/13 18:00,0.878
2025/09/13 19:00,1.134
2025/09/13 20:00,1.442
2025/09/13 21:00,1.704
2025/09/13 22:00,1.854
2025/09/13 23:00,1.87
2025/09/14 00:00,1.789
2025/09/14 01:00,1.564
2025/09/14 02:00,1.274
2025/09/14 03:00,0.976
2025/09/14 04:00,0.711
2025/09/14 05:00,0.524
2025/09/14 06:00,0.489
2025/09/14 07:00,0.591
2025/09/14 08:00,0.749
2025/09/14 09:00,0.942
2025/09/14 10:00,1.096
2025/09/14 11:00,1.176
2025/09/14 12:00,1.18
2025/09/14 13:00,1.104
2025/09/14 14:00,0.972
2025/09/14 15:00,0.831
2025/09/14 16:00,0.704
2025/09/14 17:00,0.676
2025/09/14 18:00,0.731
2025/09/14 19:00,0.908
2025/09/14 20:00,1.169
2025/09/14 21:00,1.456
2025/09/14 22:00,1.682
2025/09/14 23:00,1.843
2025/09/15 00:00,1.884
2025/09/15 01:00,1.83
2025/09/15 02:00,1.655
2025/09/15 03:00,1.409
2025/09/15 04:00,1.117
2025/09/15 06:00,0.689
2025/09/15 07:00,0.634
2025/09/15 08:00,0.668
2025/09/15 09:00,0.768
2025/09/15 10:00,0.89
2025/09/15 11:00,0.987
2025/09/15 12:00,1.048
2025/09/15 13:00,1.028
2025/09/15 14:00,0.982
2025/09/15 15:00,0.903
2025/09/15 16:00,0.764
2025/09/15 17:00,0.644
2025/09/15 18:00,0.586
2025/09/15 19:00,0.617
2025/09/15 20:00,0.747
2025/09/15 21:00,0.977
2025/09/15 22:00,1.234
2025/09/15 23:00,1.454
2025/09/16 00:00,1.614
2025/09/16 01:00,1.697
2025/09/16 02:00,1.711
2025/09/16 03:00,1.59
2025/09/16 04:00,1.414
2025/09/16 05:00,1.162
2025/09/16 06:00,0.948
2025/09/16 07:00,0.779
2025/09/16 08:00,0.634
2025/09/16 09:00,0.628
2025/09/16 10:00,0.679
2025/09/16 11:00,0.774
2025/09/16 12:00,0.874
2025/09/16 13:00,0.936
2025/09/16 14:00,0.93
2025/09/16 15:00,0.91
2025/09/16 16:00,0.856
2025/09/16 17:00,0.733
2025/09/16 18:00,0.632
2025/09/16 19:00,0.57
2025/09/16 20:00,0.611
2025/09/16 21:00,0.748
2025/09/16 22:00,0.937
2025/09/16 23:00,1.171
2025/09/17 00:00,1.424
2025/09/17 01:00,1.627
2025/09/17 02:00,1.755
2025/09/17 03:00,1.755
2025/09/17 04:00,1.688
2025/09/17 05:00,1.523
2025/09/17 06:00,1.263
2025/09/17 07:00,1.018
2025/09/17 08:00,0.785
2025/09/17 09:00,0.625
2025/09/17 10:00,0.571
2025/09/17 11:00,0.626
2025/09/17 12:00,0.709
2025/09/17 13:00,0.832
2025/09/17 14:00,0.936
2025/09/17 15:00,1.007
2025/09/17 16:00,0.997
2025/09/17 17:00,0.935
2025/09/17 18:00,0.842
2025/09/17 19:00,0.712
2025/09/17 20:00,0.599
2025/09/17 21:00,0.579
2025/09/17 22:00,0.672
2025/09/17 23:00,0.844
2025/09/18 00:00,1.093
2025/09/18 01:00,1.363
2025/09/18 02:00,1.592
2025/09/18 03:00,1.76
2025/09/18 04:00,1.82
2025/09/18 05:00,1.769
2025/09/18 06:00,1.601
2025/09/18 07:00,1.351
2025/09/18 08:00,1.079
2025/09/18 09:00,0.832
2025/09/18 10:00,0.701
2025/09/18 11:00,0.653
2025/09/18 12:00,0.734
2025/09/18 13:00,0.874
2025/09/18 14:00,1.017
2025/09/18 15:00,1.151
2025/09/18 16:00,1.207
2025/09/18 17:00,1.205
2025/09/18 18:00,1.15
2025/09/18 19:00,1.003
2025/09/18 20:00,0.818
2025/09/18 21:00,0.674
2025/09/18 22:00,0.601
2025/09/18 23:00,0.669
2025/09/19 00:00,0.831
2025/09/19 01:00,1.099
2025/09/19 02:00,1.384
2025/09/19 03:00,1.638
2025/09/19 04:00,1.796
2025/09/19 05:00,1.847
2025/09/19 06:00,1.797
2025/09/19 07:00,1.624
2025/09/19 08:00,1.339
2025/09/19 09:00,1.082
2025/09/19 10:00,0.862
2025/09/19 11:00,0.736
2025/09/19 12:00,0.72
2025/09/19 13:00,0.839
2025/09/19 14:00,1.049
2025/09/19 15:00,1.266
2025/09/19 16:00,1.425
2025/09/19 17:00,1.483
2025/09/19 18:00,1.468
2025/09/19 19:00,1.327
2025/09/19 20:00,1.116
2025/09/19 21:00,0.883
2025/09/19 22:00,0.682
2025/09/19 23:00,0.576
2025/09/20 00:00,0.65
2025/09/20 01:00,0.806
2025/09/20 02:00,1.057
2025/09/20 03:00,1.378
2025/09/20 04:00,1.596
2025/09/20 05:00,1.746
2025/09/20 06:00,1.751
2025/09/20 07:00,1.633
2025/09/20 08:00,1.377
2025/09/20 09:00,1.084
2025/09/20 10:00,0.783
2025/09/20 11:00,0.565
2025/09/20 12:00,0.458
2025/09/20 13:00,0.508
2025/09/20 14:00,0.694
2025/09/20 15:00,0.964
2025/09/20 16:00,1.23
2025/09/20 17:00,1.41
2025/09/20 18:00,1.487
2025/09/20 19:00,1.442
2025/09/20 20:00,1.255
2025/09/20 21:00,1.02
2025/09/20 22:00,0.768
2025/09/20 23:00,0.587
2025/09/21 00:00,0.505
2025/09/21 01:00,0.598
2025/09/21 02:00,0.806
2025/09/21 03:00,1.095
2025/09/21 04:00,1.402
2025/09/21 05:00,1.634
2025/09/21 06:00,1.728
2025/09/21 07:00,1.683
2025/09/21 08:00,1.514
2025/09/21 09:00,1.221
2025/09/21 10:00,0.91
2025/09/21 11:00,0.598
2025/09/21 12:00,0.427
2025/09/21 13:00,0.406
2025/09/21 14:00,0.561
2025/09/21 15:00,0.829
2025/09/21 16:00,1.123
2025/09/21 17:00,1.36
2025/09/21 18:00,1.515
2025/09/21 19:00,1.536
2025/09/21 20:00,1.42
2025/09/21 21:00,1.206
2025/09/21 22:00,0.932
2025/09/21 23:00,0.669
2025/09/22 00:00,0.482
2025/09/22 01:00,0.462
2025/09/22 02:00,0.593
2025/09/22 03:00,0.865
2025/09/22 04:00,1.185
2025/09/22 05:00,1.49
2025/09/22 06:00,1.691
2025/09/22 07:00,1.732
2025/09/22 08:00,1.652
2025/09/22 09:00,1.472
2025/09/22 10:00,1.169
2025/09/22 11:00,0.839
2025/09/22 12:00,0.609
2025/09/22 13:00,0.489
2025/09/22 14:00,0.554
2025/09/22 15:00,0.769
2025/09/22 16:00,1.069
2025/09/22 17:00,1.407
2025/09/22 18:00,1.584
2025/09/22 19:00,1.703
2025/09/22 20:00,1.657
2025/09/22 21:00,1.489
2025/09/22 22:00,1.211
2025/09/22 23:00,0.896
2025/09/23 00:00,0.678
2025/09/23 01:00,0.473
2025/09/23 02:00,0.526
2025/09/23 04:00,1.016
2025/09/23 05:00,1.319
2025/09/23 06:00,1.568
2025/09/23 07:00,1.708
2025/09/23 08:00,1.7
2025/09/23 09:00,1.56
2025/09/23 10:00,1.306
2025/09/23 11:00,0.98
2025/09/23 12:00,0.704
2025/09/23 13:00,0.526
2025/09/23 14:00,0.518
2025/09/23 15:00,0.67
2025/09/23 16:00,0.965
